CustomerID,LastPurchaseDate,FirstPurchaseDate,Frequency,Monetary,TotalProducts,UniqueCategories,PrimaryCategory,PreferredPaymentMethod,Country,Recency,AvgOrderValue,CustomerTenureDays,AvgDaysBetweenOrders
CUST_1001,2025-05-22 22:45:00,2024-01-08 16:32:00,32,17585.62,81,6,Electronics,Credit Card,United States,40,549.55,540,16.1
CUST_1002,2025-06-28 15:16:00,2024-02-02 16:00:00,26,14887.42,66,6,Beauty & Personal Care,Credit Card,Australia,3,572.59,515,20.5
CUST_1003,2025-06-07 12:12:00,2024-01-03 18:30:00,42,49047.01,148,6,Electronics,Credit Card,Germany,24,1167.79,545,12.7
CUST_1004,2025-06-25 18:50:00,2024-01-14 21:41:00,32,13461.36,85,6,Apparel,Credit Card,United Kingdom,6,420.67,534,17.0
CUST_1005,2025-06-14 21:01:00,2024-01-05 08:47:00,43,27040.18,119,6,Home & Kitchen,Credit Card,United States,17,628.84,543,12.5
CUST_1006,2025-06-06 12:50:00,2024-01-28 14:11:00,33,18610.21,89,6,Apparel,Credit Card,United States,25,563.95,520,15.5
CUST_1007,2025-06-26 09:12:00,2024-01-01 21:40:00,46,21089.92,108,6,Apparel,Credit Card,United States,5,458.48,547,12.0
CUST_1008,2025-06-24 21:34:00,2024-01-11 09:37:00,51,26971.34,127,6,Apparel,Credit Card,India,7,528.85,537,10.6
CUST_1009,2025-06-27 19:03:00,2024-03-07 14:47:00,32,13993.18,78,6,Apparel,PayPal,Germany,4,437.29,481,15.4
CUST_1010,2025-06-26 13:21:00,2024-01-01 12:25:00,39,20449.04,107,6,Apparel,Credit Card,Germany,5,524.33,547,14.3
CUST_1011,2025-06-14 16:14:00,2024-01-04 22:00:00,35,18657.3,90,6,Electronics,Credit Card,United States,17,533.07,544,15.5
CUST_1012,2025-06-18 12:32:00,2024-01-08 17:33:00,33,17325.68,95,6,Apparel,Credit Card,Australia,13,525.02,540,16.5
CUST_1013,2024-06-29 18:26:00,2024-01-08 12:04:00,27,18457.1,74,6,Electronics,Credit Card,Canada,367,683.6,540,6.7
CUST_1014,2025-06-15 12:47:00,2024-01-02 09:11:00,36,28156.99,120,6,Apparel,Credit Card,United States,16,782.14,546,15.1
CUST_1015,2025-06-04 08:13:00,2024-02-03 18:43:00,29,17770.9,85,6,Apparel,Credit Card,United States,27,612.79,514,17.4
CUST_1016,2025-06-25 22:01:00,2024-01-05 15:43:00,38,35861.16,148,6,Apparel,Credit Card,United States,6,943.71,543,14.5
CUST_1017,2025-04-14 13:05:00,2024-01-15 16:54:00,27,11073.27,71,6,Apparel,Credit Card,United States,78,410.12,533,17.5
CUST_1018,2024-06-25 22:16:00,2024-01-02 10:40:00,42,19211.34,109,6,Apparel,Credit Card,United Kingdom,371,457.41,546,4.3
CUST_1019,2025-06-24 08:30:00,2024-01-18 16:51:00,27,10686.8,67,6,Apparel,Credit Card,United Kingdom,7,395.81,530,20.1
CUST_1020,2024-06-27 08:21:00,2024-01-11 15:46:00,46,27353.42,109,6,Home & Kitchen,Credit Card,United States,369,594.64,537,3.7
CUST_1021,2025-06-15 16:03:00,2024-01-06 11:40:00,25,25069.26,93,6,Apparel,Credit Card,Germany,16,1002.77,542,21.9
CUST_1022,2024-06-22 13:13:00,2024-01-01 12:53:00,36,25594.65,89,6,Electronics,Credit Card,United States,374,710.96,547,4.9
CUST_1023,2025-06-13 12:21:00,2024-01-31 08:57:00,39,22483.68,103,6,Home & Kitchen,Credit Card,United States,18,576.5,517,13.1
CUST_1024,2025-06-24 14:06:00,2024-01-06 09:47:00,38,15605.5,101,6,Apparel,Credit Card,United States,7,410.67,542,14.5
CUST_1025,2025-06-17 08:26:00,2024-01-03 21:05:00,31,18428.44,75,6,Apparel,Credit Card,United Kingdom,14,594.47,545,17.7
CUST_1026,2025-06-21 16:42:00,2024-01-06 17:00:00,28,14489.84,84,6,Apparel,Credit Card,Canada,10,517.49,542,19.7
CUST_1027,2025-06-29 16:22:00,2024-01-24 08:30:00,37,16509.5,92,6,Apparel,Credit Card,United States,2,446.2,524,14.5
CUST_1028,2025-05-26 19:29:00,2024-01-09 13:37:00,38,21358.13,96,6,Apparel,Credit Card,United Kingdom,36,562.06,539,13.6
CUST_1029,2025-06-02 10:44:00,2024-01-05 14:30:00,37,26122.56,93,6,Home & Kitchen,Credit Card,United Kingdom,29,706.02,543,14.3
CUST_1030,2025-06-25 16:57:00,2024-01-15 13:47:00,38,24468.55,89,6,Electronics,Credit Card,United States,6,643.91,533,14.2
CUST_1031,2025-06-01 15:59:00,2024-01-30 14:29:00,29,12021.91,73,6,Apparel,Credit Card,Germany,30,414.55,518,17.4
CUST_1032,2025-06-25 14:16:00,2024-01-01 14:04:00,25,10832.11,64,6,Apparel,Credit Card,United States,6,433.28,547,22.5
CUST_1033,2025-06-06 10:13:00,2024-01-18 17:45:00,32,18309.54,74,6,Home & Kitchen,Credit Card,United States,25,572.17,530,16.3
CUST_1034,2025-05-30 15:17:00,2024-01-04 18:32:00,43,27184.25,102,6,Apparel,Credit Card,India,32,632.19,544,12.2
CUST_1035,2025-06-26 19:17:00,2024-01-05 12:23:00,35,23847.42,87,5,Apparel,Credit Card,Australia,5,681.35,543,15.8
CUST_1036,2025-05-23 19:25:00,2024-01-18 17:04:00,23,8965.48,59,6,Apparel,Credit Card,Canada,39,389.8,530,22.3
CUST_1037,2025-05-30 11:54:00,2024-01-05 22:29:00,24,11825.11,66,6,Apparel,Credit Card,United States,32,492.71,543,22.2
CUST_1038,2025-05-11 19:04:00,2024-01-06 15:52:00,30,17720.22,76,6,Apparel,Credit Card,United States,51,590.67,542,16.9
CUST_1039,2025-06-19 18:20:00,2024-01-11 08:47:00,42,27707.43,123,6,Apparel,Credit Card,Germany,12,659.7,537,12.8
CUST_1040,2025-06-20 08:23:00,2024-01-20 11:42:00,29,14904.39,66,6,Electronics,Credit Card,United Kingdom,11,513.94,528,18.5
CUST_1041,2025-06-13 14:46:00,2024-01-16 21:04:00,33,25477.12,80,6,Electronics,Credit Card,United States,18,772.03,532,16.1
CUST_1042,2025-06-12 13:12:00,2024-01-10 15:58:00,29,27287.18,77,6,Electronics,Credit Card,United Kingdom,19,940.94,538,18.5
CUST_1043,2025-06-30 15:26:00,2024-03-07 15:51:00,31,14959.05,88,6,Apparel,Credit Card,United States,1,482.55,481,16.0
CUST_1044,2025-06-25 10:29:00,2024-01-21 21:29:00,27,13779.37,61,6,Beauty & Personal Care,Credit Card,India,6,510.35,527,20.0
CUST_1045,2024-06-27 22:49:00,2024-01-01 09:36:00,34,19883.11,86,6,Home & Kitchen,Credit Card,United States,369,584.8,547,5.4
CUST_1046,2025-06-19 19:55:00,2024-02-02 13:03:00,16,7471.45,52,6,Apparel,Credit Card,Germany,12,466.97,515,33.5
CUST_1047,2025-06-21 08:11:00,2024-01-14 10:01:00,33,16417.94,99,6,Apparel,Credit Card,United States,10,497.51,534,16.4
CUST_1048,2025-06-11 12:43:00,2024-01-01 19:05:00,48,21579.0,117,6,Apparel,Credit Card,United Kingdom,20,449.56,547,11.2
CUST_1049,2025-06-07 19:14:00,2024-01-11 12:58:00,43,34531.38,175,6,Home & Kitchen,Credit Card,United Kingdom,24,803.06,537,12.2
CUST_1050,2025-06-16 08:20:00,2024-01-20 19:47:00,32,17583.24,93,6,Beauty & Personal Care,Credit Card,United States,15,549.48,528,16.5
CUST_1051,2024-06-27 20:20:00,2024-01-02 11:49:00,37,19452.77,82,6,Electronics,Credit Card,Australia,369,525.75,546,4.9
CUST_1052,2025-06-11 22:08:00,2024-02-01 22:01:00,24,12754.58,56,6,Apparel,Credit Card,Canada,20,531.44,516,21.6
CUST_1053,2025-06-22 17:41:00,2024-02-06 18:30:00,42,19378.16,109,6,Home & Kitchen,Credit Card,India,9,461.38,511,12.2
CUST_1054,2024-06-29 19:07:00,2024-01-07 08:23:00,41,27414.96,90,6,Electronics,Credit Card,India,367,668.66,541,4.4
CUST_1055,2025-06-22 10:26:00,2024-01-16 16:05:00,33,11660.71,81,6,Beauty & Personal Care,Credit Card,United Kingdom,9,353.35,532,16.3
CUST_1056,2025-05-16 14:41:00,2024-01-07 17:33:00,25,19108.05,87,5,Apparel,Credit Card,India,46,764.32,541,20.6
CUST_1057,2025-06-11 15:58:00,2024-01-07 18:20:00,32,11479.08,104,6,Apparel,Credit Card,United States,20,358.72,541,16.8
CUST_1058,2025-06-16 13:01:00,2024-01-11 08:21:00,35,19349.3,87,6,Apparel,Credit Card,United States,15,552.84,537,15.4
CUST_1059,2025-06-06 18:19:00,2024-01-25 09:47:00,25,10973.71,68,6,Apparel,PayPal,United States,25,438.95,523,20.8
CUST_1060,2024-06-07 11:08:00,2024-01-22 15:30:00,26,21412.54,60,6,Electronics,Credit Card,United States,389,823.56,526,5.5
CUST_1061,2025-06-05 09:22:00,2024-01-04 15:42:00,23,13378.27,62,6,Home & Kitchen,PayPal,United States,26,581.66,544,23.5
CUST_1062,2025-06-08 09:00:00,2024-01-20 15:09:00,31,14757.35,91,6,Beauty & Personal Care,Credit Card,United States,23,476.04,528,16.8
CUST_1063,2025-06-20 12:06:00,2024-01-03 13:11:00,38,15744.53,107,6,Home & Kitchen,Credit Card,Canada,11,414.33,545,14.4
CUST_1064,2025-06-30 13:00:00,2024-01-07 18:09:00,21,9077.35,54,6,Apparel,Credit Card,United States,1,432.25,541,27.0
CUST_1065,2025-05-11 21:44:00,2024-01-03 19:31:00,30,13520.36,82,5,Apparel,Credit Card,United States,51,450.68,545,17.0
CUST_1066,2025-06-30 12:28:00,2024-01-17 21:40:00,34,18864.14,87,6,Apparel,Credit Card,United Kingdom,1,554.83,531,16.1
CUST_1067,2025-06-30 16:48:00,2024-01-03 08:09:00,38,19363.6,100,6,Apparel,Credit Card,United States,1,509.57,545,14.7
CUST_1068,2025-06-04 08:16:00,2024-01-31 09:51:00,33,38223.68,114,6,Apparel,Credit Card,Canada,27,1158.29,517,15.3
CUST_1069,2025-06-14 21:56:00,2024-01-04 20:13:00,53,37581.26,121,6,Electronics,Credit Card,United States,17,709.08,544,10.1
CUST_1070,2025-06-10 08:02:00,2024-01-01 16:20:00,30,18165.79,78,6,Apparel,Credit Card,Australia,21,605.53,547,18.1
CUST_1071,2025-04-20 11:10:00,2024-01-04 10:44:00,27,13319.84,78,6,Home & Kitchen,Credit Card,Canada,72,493.33,544,18.2
CUST_1072,2025-06-24 09:02:00,2024-01-27 10:07:00,37,22055.73,119,6,Apparel,Credit Card,United States,7,596.1,521,14.3
CUST_1073,2025-06-07 09:59:00,2024-01-09 11:08:00,34,17752.78,90,6,Apparel,Credit Card,United States,24,522.14,539,15.6
CUST_1074,2024-06-19 16:20:00,2024-01-03 13:16:00,41,21830.09,97,6,Home & Kitchen,Credit Card,Canada,377,532.44,545,4.2
CUST_1075,2025-06-03 16:16:00,2024-01-06 12:25:00,36,18566.85,89,6,Apparel,Credit Card,Germany,28,515.75,542,14.7
CUST_1076,2025-06-30 22:33:00,2024-01-14 18:32:00,34,23615.84,134,6,Apparel,Credit Card,Germany,1,694.58,534,16.2
CUST_1077,2025-06-04 16:29:00,2024-01-28 13:04:00,38,26633.56,127,6,Home & Kitchen,Credit Card,Canada,27,700.88,520,13.3
CUST_1078,2025-06-25 09:56:00,2024-01-01 17:30:00,46,25759.64,125,6,Home & Kitchen,Credit Card,United States,6,559.99,547,12.0
CUST_1079,2025-06-15 19:05:00,2024-01-18 09:23:00,37,23245.22,100,6,Apparel,Credit Card,United States,16,628.25,530,14.3
CUST_1080,2025-06-26 18:43:00,2024-01-20 17:25:00,37,22344.74,100,6,Home & Kitchen,Credit Card,United States,5,603.91,528,14.5
CUST_1081,2025-06-07 08:46:00,2024-01-15 10:49:00,34,24980.37,88,6,Electronics,Credit Card,India,24,734.72,533,15.4
CUST_1082,2025-06-29 17:43:00,2024-02-15 09:58:00,41,25428.09,125,6,Home & Kitchen,Credit Card,Germany,2,620.2,502,12.5
CUST_1083,2025-06-09 13:50:00,2024-01-19 19:54:00,30,18320.04,79,6,Electronics,PayPal,United States,22,610.67,529,17.5
CUST_1084,2025-06-29 09:20:00,2024-01-07 22:04:00,36,22766.36,96,6,Home & Kitchen,Credit Card,United States,2,632.4,541,15.4
CUST_1085,2024-06-28 15:10:00,2024-01-04 10:24:00,28,17409.35,75,6,Apparel,Credit Card,United States,368,621.76,544,6.5
CUST_1086,2025-06-27 16:37:00,2024-01-14 20:31:00,33,13348.84,87,6,Apparel,Credit Card,United States,4,404.51,534,16.6
CUST_1087,2025-06-17 09:16:00,2024-01-05 21:54:00,23,11693.17,62,6,Apparel,Credit Card,Germany,14,508.4,543,24.0
CUST_1088,2025-06-25 10:52:00,2024-01-24 13:08:00,39,26858.47,95,6,Home & Kitchen,Credit Card,Germany,6,688.68,524,13.6
CUST_1089,2025-06-28 22:53:00,2024-01-05 12:20:00,23,12433.75,65,5,Apparel,Credit Card,India,3,540.6,543,24.5
CUST_1090,2025-06-08 10:36:00,2024-01-14 09:02:00,41,20312.97,113,6,Apparel,Credit Card,United Kingdom,23,495.44,534,12.8
CUST_1091,2025-06-29 10:34:00,2024-01-25 18:12:00,36,18910.29,99,6,Apparel,Credit Card,United States,2,525.29,523,14.9
CUST_1092,2024-06-22 16:32:00,2024-01-05 19:38:00,33,20189.16,87,6,Home & Kitchen,Credit Card,Germany,374,611.79,543,5.3
CUST_1093,2025-05-18 21:59:00,2024-01-10 10:59:00,39,21204.98,97,6,Apparel,Credit Card,Canada,44,543.72,538,13.0
CUST_1094,2025-06-07 10:24:00,2024-01-23 17:37:00,38,21497.76,109,6,Electronics,Credit Card,United Kingdom,24,565.73,525,13.5
CUST_1095,2025-06-22 15:57:00,2024-01-18 14:14:00,32,18795.89,92,6,Beauty & Personal Care,Credit Card,Canada,9,587.37,530,16.8
CUST_1096,2025-04-19 22:54:00,2024-01-05 12:39:00,26,13223.01,75,5,Home & Kitchen,Credit Card,United Kingdom,73,508.58,543,18.8
CUST_1097,2025-06-29 13:34:00,2024-01-09 16:18:00,31,24493.25,77,6,Home & Kitchen,Credit Card,United Kingdom,2,790.1,539,17.9
CUST_1098,2025-06-21 13:27:00,2024-01-31 21:11:00,24,22657.89,92,6,Apparel,Credit Card,United Kingdom,10,944.08,517,22.0
CUST_1099,2025-06-30 19:00:00,2024-01-10 21:39:00,26,25764.35,100,5,Home & Kitchen,Credit Card,United States,1,990.94,538,21.5
CUST_1100,2024-06-27 19:36:00,2024-01-11 22:03:00,34,18238.13,101,6,Apparel,PayPal,United States,369,536.42,537,5.1
CUST_1101,2025-06-22 22:27:00,2024-01-19 21:53:00,30,13073.66,70,6,Apparel,Credit Card,United States,9,435.79,529,17.9
CUST_1102,2025-06-30 14:02:00,2024-01-21 12:38:00,30,10438.77,72,6,Beauty & Personal Care,PayPal,Germany,1,347.96,527,18.1
CUST_1103,2025-06-26 11:29:00,2024-01-20 21:59:00,46,23631.12,127,6,Apparel,Credit Card,United States,5,513.72,528,11.6
CUST_1104,2025-06-24 21:19:00,2024-01-26 14:05:00,35,14588.91,87,6,Apparel,Credit Card,United Kingdom,7,416.83,522,15.1
CUST_1105,2025-06-26 17:34:00,2024-01-03 12:17:00,37,28468.2,135,6,Apparel,Credit Card,India,5,769.41,545,15.0
CUST_1106,2025-06-13 15:28:00,2024-01-09 12:30:00,37,22070.62,103,6,Home & Kitchen,Credit Card,United States,18,596.5,539,14.5
CUST_1107,2025-06-25 21:40:00,2024-01-09 11:48:00,28,26786.8,101,6,Apparel,Credit Card,United Kingdom,6,956.67,539,19.7
CUST_1108,2025-06-22 11:07:00,2024-01-04 11:30:00,31,21875.76,79,6,Home & Kitchen,Credit Card,Canada,9,705.67,544,17.8
CUST_1109,2025-06-14 10:34:00,2024-01-26 10:54:00,28,12250.74,71,6,Apparel,Credit Card,United States,17,437.53,522,18.7
CUST_1110,2025-06-18 13:40:00,2024-01-12 11:05:00,31,16161.86,80,6,Apparel,Credit Card,United States,13,521.35,536,17.4
CUST_1111,2024-06-27 13:39:00,2024-01-01 19:04:00,36,18633.2,83,5,Apparel,Credit Card,United States,369,517.59,547,5.1
CUST_1112,2025-06-28 11:21:00,2024-01-12 15:52:00,34,17512.19,91,6,Home & Kitchen,Credit Card,United States,3,515.06,536,16.2
CUST_1113,2025-06-28 13:36:00,2024-01-16 13:22:00,40,15681.92,114,6,Home & Kitchen,Credit Card,India,3,392.05,532,13.6
CUST_1114,2025-06-10 19:45:00,2024-01-05 17:01:00,29,15743.98,82,6,Beauty & Personal Care,Credit Card,Canada,21,542.9,543,18.6
CUST_1115,2025-05-11 09:22:00,2024-01-05 10:08:00,37,18143.84,98,5,Apparel,Credit Card,Germany,51,490.37,543,13.7
CUST_1116,2025-06-29 17:08:00,2024-01-13 21:10:00,31,18370.26,84,5,Apparel,Credit Card,India,2,592.59,535,17.8
CUST_1117,2024-06-13 21:27:00,2024-01-17 08:08:00,35,17854.4,104,6,Home & Kitchen,Credit Card,Canada,383,510.13,531,4.4
CUST_1118,2025-06-16 13:40:00,2024-01-08 12:02:00,39,21358.5,93,5,Apparel,Credit Card,United States,15,547.65,540,13.8
CUST_1119,2025-06-15 14:02:00,2024-02-08 16:09:00,28,21314.94,73,6,Home & Kitchen,Credit Card,India,16,761.25,509,18.3
CUST_1120,2025-06-18 08:12:00,2024-02-01 13:06:00,32,20215.46,79,6,Apparel,Credit Card,United Kingdom,13,631.73,516,16.2
CUST_1121,2025-06-19 19:57:00,2024-01-10 16:33:00,31,12718.52,70,6,Home & Kitchen,Credit Card,Canada,12,410.27,538,17.5
CUST_1122,2025-06-07 13:09:00,2024-01-11 10:55:00,28,20289.07,107,6,Apparel,Credit Card,India,24,724.61,537,19.0
CUST_1123,2025-06-26 22:43:00,2024-01-26 16:13:00,35,18480.29,103,6,Apparel,Credit Card,United States,5,528.01,522,15.2
CUST_1124,2024-06-28 16:39:00,2024-01-10 08:33:00,34,18089.23,95,6,Apparel,Credit Card,United States,368,532.04,538,5.2
CUST_1125,2025-06-17 14:13:00,2024-01-10 14:17:00,31,15296.26,95,5,Apparel,Credit Card,United States,14,493.43,538,17.5
CUST_1126,2025-06-27 21:04:00,2024-01-09 15:58:00,34,18461.97,83,6,Apparel,Credit Card,United Kingdom,4,543.0,539,16.2
CUST_1127,2025-06-24 14:53:00,2024-01-03 09:14:00,26,10497.83,76,6,Beauty & Personal Care,Credit Card,Canada,7,403.76,545,21.5
CUST_1128,2025-05-26 20:20:00,2024-01-02 13:45:00,33,17182.21,85,6,Apparel,Credit Card,India,36,520.67,546,15.9
CUST_1129,2025-06-01 14:42:00,2024-02-09 11:49:00,36,25020.77,142,6,Apparel,Credit Card,United States,30,695.02,508,13.7
CUST_1130,2025-06-20 12:16:00,2024-01-10 09:58:00,25,12986.86,56,6,Apparel,Credit Card,United Kingdom,11,519.47,538,22.0
CUST_1131,2025-06-15 22:31:00,2024-01-12 13:58:00,33,13000.33,93,6,Apparel,Credit Card,United Kingdom,16,393.95,536,16.2
CUST_1132,2025-06-28 08:09:00,2024-01-03 19:31:00,40,19372.76,89,6,Apparel,Credit Card,United States,3,484.32,545,13.9
CUST_1133,2025-06-28 11:18:00,2024-01-07 12:43:00,36,21911.37,102,5,Apparel,Credit Card,United States,3,608.65,541,15.4
CUST_1134,2025-06-20 22:51:00,2024-01-08 21:48:00,26,14786.2,66,6,Apparel,Credit Card,United States,11,568.7,540,21.2
CUST_1135,2024-06-21 12:57:00,2024-01-04 16:20:00,40,32120.42,119,6,Apparel,PayPal,India,375,803.01,544,4.3
CUST_1136,2025-06-25 09:09:00,2024-01-06 09:34:00,45,19696.82,114,6,Beauty & Personal Care,Credit Card,United States,6,437.71,542,12.2
CUST_1137,2025-06-04 09:48:00,2024-01-08 16:53:00,31,13649.49,94,6,Apparel,Credit Card,United Kingdom,27,440.31,540,17.1
CUST_1138,2025-06-24 22:24:00,2024-01-06 12:44:00,39,17747.37,93,6,Apparel,Credit Card,Germany,7,455.06,542,14.1
CUST_1139,2024-06-28 18:29:00,2024-01-12 14:30:00,45,23813.8,116,6,Apparel,Credit Card,United States,368,529.2,536,3.8
CUST_1140,2024-06-28 19:47:00,2024-01-11 18:29:00,32,13663.55,92,6,Apparel,Credit Card,Australia,368,426.99,537,5.5
CUST_1141,2025-06-27 17:00:00,2024-01-12 11:26:00,33,16379.43,77,6,Apparel,Credit Card,Australia,4,496.35,536,16.6
CUST_1142,2025-04-04 21:20:00,2024-01-04 17:45:00,24,11174.63,73,6,Apparel,Credit Card,United States,88,465.61,544,19.8
CUST_1143,2025-05-31 09:00:00,2024-01-16 19:50:00,36,26056.68,94,6,Home & Kitchen,Credit Card,United Kingdom,31,723.8,532,14.3
CUST_1144,2025-05-29 21:29:00,2024-01-09 19:06:00,39,27005.68,101,6,Electronics,Credit Card,United States,33,692.45,539,13.3
CUST_1145,2025-06-29 16:30:00,2024-01-07 13:20:00,28,17793.38,86,6,Apparel,Credit Card,United States,2,635.48,541,20.0
CUST_1146,2025-06-28 11:07:00,2024-01-01 19:50:00,32,13997.52,94,6,Beauty & Personal Care,Credit Card,United States,3,437.42,547,17.5
CUST_1147,2025-06-01 13:46:00,2024-01-27 10:43:00,38,16125.84,82,6,Home & Kitchen,Credit Card,Germany,30,424.36,521,13.3
CUST_1148,2025-06-18 11:20:00,2024-01-21 18:18:00,35,19534.0,95,5,Home & Kitchen,Credit Card,United Kingdom,13,558.11,527,15.1
CUST_1149,2025-06-28 11:48:00,2024-01-07 10:39:00,35,20777.54,98,6,Apparel,Credit Card,United States,3,593.64,541,15.8
CUST_1150,2025-05-01 13:45:00,2024-01-07 08:12:00,29,16645.89,69,6,Apparel,Credit Card,United States,61,574.0,541,17.1
CUST_1151,2025-06-18 19:21:00,2024-01-02 18:59:00,31,30091.56,118,6,Apparel,Credit Card,India,13,970.7,546,17.8
CUST_1152,2025-06-24 14:10:00,2024-01-14 22:41:00,40,16345.39,106,6,Apparel,Credit Card,United States,7,408.63,534,13.5
CUST_1153,2025-06-12 12:27:00,2024-01-16 13:54:00,32,13297.59,87,6,Electronics,Credit Card,United States,19,415.55,532,16.5
CUST_1154,2025-06-08 22:03:00,2024-01-09 17:13:00,28,8365.04,67,6,Apparel,Credit Card,United Kingdom,23,298.75,539,19.1
CUST_1155,2025-06-22 21:59:00,2024-01-07 10:55:00,31,21371.63,128,6,Beauty & Personal Care,Credit Card,Australia,9,689.41,541,17.7
CUST_1156,2024-06-26 08:53:00,2024-01-22 18:34:00,29,12276.06,84,6,Beauty & Personal Care,Credit Card,United States,370,423.31,526,5.6
CUST_1157,2025-06-18 08:48:00,2024-01-12 10:30:00,37,16821.81,107,6,Apparel,Credit Card,Germany,13,454.64,536,14.5
CUST_1158,2025-06-25 11:40:00,2024-01-13 17:53:00,38,21400.72,88,6,Electronics,Credit Card,Canada,6,563.18,535,14.3
CUST_1159,2025-04-19 15:07:00,2024-01-26 21:59:00,33,20159.69,86,6,Electronics,Credit Card,United States,73,610.9,522,14.0
CUST_1160,2025-06-24 14:01:00,2024-01-20 20:30:00,34,11764.31,85,6,Apparel,PayPal,Germany,7,346.01,528,15.8
CUST_1161,2025-05-26 09:51:00,2024-01-12 12:11:00,31,16496.59,83,6,Apparel,Credit Card,United States,36,532.15,536,16.7
CUST_1162,2025-06-06 21:10:00,2024-01-07 16:39:00,38,18481.35,90,6,Home & Kitchen,Credit Card,Germany,25,486.35,541,13.9
CUST_1163,2024-06-29 21:31:00,2024-01-03 20:49:00,37,21239.42,100,6,Home & Kitchen,Credit Card,Germany,367,574.04,545,4.9
CUST_1164,2025-04-28 20:15:00,2024-01-18 09:48:00,35,17173.96,89,6,Apparel,Credit Card,United Kingdom,64,490.68,530,13.7
CUST_1165,2024-06-28 14:44:00,2024-01-08 14:42:00,27,17617.8,79,6,Apparel,Credit Card,United States,368,652.51,540,6.6
CUST_1166,2024-06-25 14:42:00,2024-01-01 08:57:00,24,13991.61,66,6,Home & Kitchen,Credit Card,Canada,371,582.98,547,7.7
CUST_1167,2025-06-15 15:21:00,2024-01-02 20:30:00,22,16451.88,54,5,Apparel,Credit Card,United States,16,747.81,546,25.2
CUST_1168,2024-06-28 10:00:00,2024-01-13 14:32:00,21,10478.2,44,6,Electronics,Credit Card,United States,368,498.96,535,8.4
CUST_1169,2025-05-26 22:04:00,2024-01-01 08:01:00,34,14642.51,94,6,Apparel,Credit Card,United States,36,430.66,547,15.5
CUST_1170,2025-06-20 12:48:00,2024-01-11 10:55:00,34,17357.84,86,6,Apparel,Credit Card,United Kingdom,11,510.52,537,15.9
CUST_1171,2025-06-19 15:46:00,2024-01-06 12:18:00,32,11321.06,96,6,Apparel,Credit Card,Germany,12,353.78,542,17.1
CUST_1172,2024-06-27 22:59:00,2024-01-16 13:00:00,27,15680.87,59,5,Sports & Outdoors,Credit Card,United States,368,580.77,532,6.3
CUST_1173,2024-06-17 14:21:00,2024-01-06 18:17:00,41,27038.51,106,6,Electronics,Credit Card,United Kingdom,379,659.48,542,4.1
CUST_1174,2025-05-28 13:46:00,2024-02-25 21:57:00,28,13014.49,55,6,Home & Kitchen,Credit Card,United States,34,464.8,492,17.0
CUST_1175,2025-06-20 19:24:00,2024-01-23 18:47:00,32,19172.74,78,6,Electronics,Credit Card,Germany,11,599.15,525,16.6
CUST_1176,2025-06-28 18:13:00,2024-02-03 11:35:00,30,12452.33,92,6,Apparel,Credit Card,United States,3,415.08,514,17.6
CUST_1177,2025-06-17 21:49:00,2024-02-11 22:02:00,25,22198.57,86,6,Apparel,Credit Card,Germany,14,887.94,506,20.5
CUST_1178,2025-05-25 16:56:00,2024-01-09 12:18:00,38,26156.67,99,6,Apparel,Debit Card,United States,37,688.33,539,13.6
CUST_1179,2025-06-19 11:23:00,2024-01-08 21:10:00,43,21839.91,111,6,Home & Kitchen,Credit Card,India,12,507.9,540,12.6
CUST_1180,2025-06-19 10:49:00,2024-01-17 11:48:00,38,16297.76,106,6,Apparel,Credit Card,United States,12,428.89,531,14.0
CUST_1181,2025-06-22 20:26:00,2024-01-12 19:20:00,25,14400.58,68,6,Beauty & Personal Care,Credit Card,United States,9,576.02,536,22.0
CUST_1182,2024-06-20 18:46:00,2024-01-14 17:09:00,27,20349.62,76,6,Apparel,Credit Card,United States,376,753.69,534,6.1
CUST_1183,2025-05-28 10:21:00,2024-01-03 10:41:00,33,15558.61,93,6,Apparel,Credit Card,India,34,471.47,545,16.0
CUST_1184,2025-06-02 22:36:00,2024-01-19 11:02:00,33,18716.78,77,6,Electronics,Credit Card,India,29,567.18,529,15.6
CUST_1185,2025-06-17 13:01:00,2024-01-01 20:23:00,30,20093.07,73,6,Electronics,Credit Card,United States,14,669.77,547,18.4
CUST_1186,2024-06-26 08:58:00,2024-01-02 10:41:00,28,19796.57,63,6,Electronics,Credit Card,Germany,370,707.02,546,6.5
CUST_1187,2024-06-21 22:10:00,2024-01-08 18:50:00,27,13902.1,58,6,Home & Kitchen,Credit Card,Canada,375,514.89,540,6.3
CUST_1188,2025-06-20 13:29:00,2024-01-06 12:55:00,33,14841.03,76,6,Home & Kitchen,Credit Card,United Kingdom,11,449.73,542,16.6
CUST_1189,2025-06-27 16:45:00,2024-01-06 17:00:00,31,10084.88,90,5,Apparel,Credit Card,United Kingdom,4,325.32,542,17.9
CUST_1190,2025-04-27 17:10:00,2024-01-06 10:06:00,29,18015.04,67,6,Electronics,Credit Card,United States,65,621.21,542,17.0
CUST_1191,2025-05-15 21:56:00,2024-02-02 14:54:00,37,29499.94,104,6,Electronics,Credit Card,United States,47,797.3,515,13.0
CUST_1192,2025-06-24 12:52:00,2024-01-04 15:06:00,38,19241.31,103,6,Apparel,Credit Card,India,7,506.35,544,14.5
CUST_1193,2025-06-28 16:56:00,2024-01-26 10:24:00,33,14860.92,89,6,Apparel,Credit Card,India,3,450.33,522,16.2
CUST_1194,2025-05-31 16:02:00,2024-01-03 09:30:00,37,16850.04,103,6,Apparel,Credit Card,Germany,31,455.41,545,14.3
CUST_1195,2025-05-21 10:17:00,2024-02-09 18:12:00,25,21540.29,66,5,Apparel,Credit Card,United States,41,861.61,508,19.5
CUST_1196,2025-06-28 21:42:00,2024-01-01 16:50:00,30,16153.75,109,6,Apparel,Credit Card,United States,3,538.46,547,18.8
CUST_1197,2025-06-10 10:10:00,2024-01-30 15:45:00,26,30748.67,94,6,Apparel,Credit Card,Germany,21,1182.64,518,19.9
CUST_1198,2025-06-30 13:45:00,2024-01-30 20:21:00,35,19380.08,92,6,Electronics,Credit Card,India,1,553.72,518,15.2
CUST_1199,2024-06-25 22:43:00,2024-01-04 08:31:00,25,12668.49,75,6,Electronics,Credit Card,India,371,506.74,544,7.2
CUST_1200,2025-06-29 17:16:00,2024-01-05 11:57:00,41,26729.11,104,6,Apparel,Credit Card,Canada,2,651.93,543,13.5
CUST_1201,2024-06-27 17:53:00,2024-01-04 22:00:00,26,11792.69,72,6,Home & Kitchen,Credit Card,Germany,369,453.56,544,7.0
CUST_1202,2025-06-10 15:06:00,2024-01-22 10:58:00,27,12683.17,77,6,Apparel,Credit Card,United States,21,469.75,526,19.4
CUST_1203,2025-06-28 21:17:00,2024-01-10 14:04:00,26,20556.07,60,5,Electronics,Credit Card,United States,3,790.62,538,21.4
CUST_1204,2025-06-23 17:16:00,2024-01-02 11:23:00,51,23230.35,117,6,Apparel,Credit Card,India,8,455.5,546,10.8
CUST_1205,2025-06-30 22:16:00,2024-01-27 20:10:00,45,22557.24,113,6,Apparel,Credit Card,Germany,1,501.27,521,11.8
CUST_1206,2025-06-27 22:42:00,2024-01-04 09:40:00,36,16159.56,83,6,Apparel,Credit Card,United States,4,448.88,544,15.4
CUST_1207,2025-06-24 11:25:00,2024-01-28 21:00:00,29,20793.84,80,6,Electronics,Credit Card,United States,7,717.03,520,18.3
CUST_1208,2025-05-28 09:47:00,2024-01-01 22:49:00,31,12093.73,70,6,Apparel,Credit Card,Germany,34,390.12,547,17.1
CUST_1209,2025-06-28 15:20:00,2024-01-10 14:04:00,38,21132.06,92,6,Beauty & Personal Care,Credit Card,United States,3,556.11,538,14.5
CUST_1210,2025-06-07 16:25:00,2024-01-12 14:55:00,34,19110.96,80,6,Home & Kitchen,Credit Card,United States,24,562.09,536,15.5
CUST_1211,2025-06-07 22:53:00,2024-01-05 16:30:00,38,11304.59,106,6,Apparel,Credit Card,United Kingdom,24,297.49,543,14.0
CUST_1212,2025-05-23 21:16:00,2024-01-06 17:58:00,35,38978.15,127,6,Electronics,Credit Card,Germany,39,1113.66,542,14.8
CUST_1213,2025-05-28 12:41:00,2024-01-03 19:36:00,43,28814.92,111,6,Electronics,Credit Card,Germany,34,670.11,545,12.2
CUST_1214,2025-06-20 15:07:00,2024-01-19 08:34:00,25,12607.05,65,6,Home & Kitchen,Credit Card,United States,11,504.28,529,21.6
CUST_1215,2025-06-22 20:12:00,2024-01-04 21:31:00,34,26067.89,112,6,Electronics,Credit Card,Germany,9,766.7,544,16.2
CUST_1216,2024-06-23 17:47:00,2024-01-10 14:45:00,31,17299.38,84,6,Apparel,Credit Card,United States,373,558.04,538,5.5
CUST_1217,2025-06-29 18:59:00,2024-01-08 17:38:00,27,23195.19,113,6,Electronics,Credit Card,United States,2,859.08,540,20.7
CUST_1218,2025-06-15 15:07:00,2024-01-02 08:26:00,30,13516.7,81,6,Apparel,Credit Card,Germany,16,450.56,546,18.3
CUST_1219,2024-06-02 22:23:00,2024-01-03 10:58:00,32,15761.95,69,6,Apparel,Credit Card,Germany,394,492.56,545,4.9
CUST_1220,2025-05-28 08:43:00,2024-02-03 17:22:00,25,10711.78,75,6,Apparel,Credit Card,Canada,34,428.47,514,20.0
CUST_1221,2025-06-23 20:33:00,2024-01-04 13:17:00,41,13827.0,103,6,Home & Kitchen,Credit Card,Germany,8,337.24,544,13.4
CUST_1222,2025-05-26 14:36:00,2024-01-13 21:27:00,26,15738.98,72,6,Electronics,Credit Card,United Kingdom,36,605.35,535,20.0
CUST_1223,2025-06-19 20:48:00,2024-01-01 09:12:00,50,29724.87,129,6,Home & Kitchen,Credit Card,United States,12,594.5,547,10.9
CUST_1224,2025-06-30 20:53:00,2024-01-09 12:47:00,35,10355.95,89,6,Apparel,Credit Card,United States,1,295.88,539,15.8
CUST_1225,2025-06-29 10:41:00,2024-01-15 19:50:00,27,12103.82,70,6,Books,PayPal,United States,2,448.29,533,20.4
CUST_1226,2025-06-19 18:56:00,2024-01-28 18:39:00,31,23047.68,88,6,Apparel,Credit Card,United States,12,743.47,520,16.9
CUST_1227,2025-06-14 09:09:00,2024-01-02 08:39:00,28,17489.74,79,6,Apparel,Credit Card,Australia,17,624.63,546,19.6
CUST_1228,2024-06-22 21:51:00,2024-01-09 10:47:00,33,21790.58,94,6,Home & Kitchen,Credit Card,United States,374,660.32,539,5.2
CUST_1229,2025-05-31 15:00:00,2024-01-01 11:13:00,33,21805.68,98,5,Apparel,Credit Card,India,31,660.78,547,16.1
CUST_1230,2025-06-04 10:57:00,2024-01-18 22:43:00,35,25871.13,83,6,Electronics,Credit Card,Germany,27,739.18,530,14.8
CUST_1231,2025-06-28 10:51:00,2024-01-03 18:13:00,26,14574.69,62,6,Home & Kitchen,PayPal,Canada,3,560.57,545,21.7
CUST_1232,2025-05-21 21:58:00,2024-01-11 12:07:00,34,16491.59,97,6,Apparel,Credit Card,United Kingdom,41,485.05,537,15.0
CUST_1233,2025-05-10 21:23:00,2024-01-01 18:36:00,35,17784.81,86,6,Home & Kitchen,Credit Card,United Kingdom,52,508.14,547,14.6
CUST_1234,2025-06-14 15:07:00,2024-01-04 13:10:00,32,12791.61,91,5,Apparel,Credit Card,United Kingdom,17,399.74,544,17.0
CUST_1235,2025-06-23 21:05:00,2024-01-01 20:44:00,29,19349.21,75,5,Apparel,Credit Card,United States,8,667.21,547,19.2
CUST_1236,2024-06-29 11:54:00,2024-01-05 17:06:00,34,26379.41,86,6,Apparel,Credit Card,Germany,367,775.86,543,5.3
CUST_1237,2025-06-27 18:40:00,2024-02-09 14:03:00,44,19070.76,113,6,Apparel,Credit Card,United States,4,433.43,508,11.7
CUST_1238,2025-06-27 18:33:00,2024-01-06 18:44:00,34,17052.27,87,6,Electronics,Credit Card,United States,4,501.54,542,16.3
CUST_1239,2025-06-23 15:48:00,2024-01-05 14:29:00,30,18208.57,82,6,Apparel,Credit Card,Germany,8,606.95,543,18.4
CUST_1240,2025-06-16 20:34:00,2024-01-10 14:33:00,44,18948.82,96,6,Beauty & Personal Care,Credit Card,United States,15,430.66,538,12.2
CUST_1241,2025-06-26 09:39:00,2024-01-10 13:08:00,29,15503.24,80,6,Beauty & Personal Care,Credit Card,India,5,534.59,538,19.0
CUST_1242,2025-06-25 17:17:00,2024-01-22 13:13:00,34,17337.52,89,6,Apparel,PayPal,Australia,6,509.93,526,15.8
CUST_1243,2025-06-25 21:39:00,2024-01-18 11:33:00,40,16727.59,94,6,Electronics,Credit Card,India,6,418.19,530,13.4
CUST_1244,2025-05-11 18:30:00,2024-01-08 18:41:00,21,11852.98,68,6,Home & Kitchen,Credit Card,United States,51,564.43,540,24.4
CUST_1245,2025-06-09 21:16:00,2024-01-13 19:08:00,28,17752.3,74,6,Apparel,Credit Card,United States,22,634.01,535,19.0
CUST_1246,2025-06-25 09:25:00,2024-01-24 15:03:00,36,19130.41,113,6,Apparel,Credit Card,India,6,531.4,524,14.8
CUST_1247,2025-06-24 20:41:00,2024-02-23 15:25:00,42,57673.62,171,6,Apparel,Credit Card,United Kingdom,7,1373.18,494,11.9
CUST_1248,2025-06-30 19:01:00,2024-01-01 16:54:00,36,24777.98,96,6,Apparel,Credit Card,Australia,1,688.28,547,15.6
CUST_1249,2025-06-23 15:33:00,2024-01-05 10:30:00,33,15143.02,76,6,Apparel,Credit Card,Australia,8,458.88,543,16.7
CUST_1250,2025-06-12 15:32:00,2024-01-28 14:47:00,24,9246.52,52,6,Home & Kitchen,Credit Card,India,19,385.27,520,21.8
CUST_1251,2025-06-24 08:36:00,2024-01-03 08:09:00,31,14163.2,85,6,Beauty & Personal Care,Credit Card,United States,7,456.88,545,17.9
CUST_1252,2025-06-10 10:39:00,2024-01-18 12:49:00,33,27462.54,92,6,Electronics,Credit Card,United States,21,832.2,530,15.9
CUST_1253,2025-06-27 15:36:00,2024-02-17 18:46:00,36,27181.29,129,6,Apparel,Credit Card,India,4,755.04,500,14.2
CUST_1254,2025-06-20 10:37:00,2024-01-14 17:40:00,40,24191.87,104,6,Home & Kitchen,Credit Card,United States,11,604.8,534,13.4
CUST_1255,2024-06-29 17:05:00,2024-01-07 22:08:00,29,13974.66,78,6,Apparel,Credit Card,United States,367,481.88,541,6.2
CUST_1256,2025-06-18 18:52:00,2024-01-09 13:15:00,25,17071.97,62,5,Apparel,Credit Card,United Kingdom,13,682.88,539,21.9
CUST_1257,2024-06-22 15:38:00,2024-01-19 11:34:00,26,22084.13,61,5,Electronics,Credit Card,India,374,849.39,529,6.2
CUST_1258,2025-06-29 22:27:00,2024-01-16 10:04:00,35,19511.77,84,6,Home & Kitchen,Credit Card,Germany,2,557.48,532,15.6
CUST_1259,2025-06-19 19:48:00,2024-01-07 18:27:00,43,15957.92,123,6,Apparel,Credit Card,United Kingdom,12,371.11,541,12.6
CUST_1260,2025-06-23 08:56:00,2024-02-28 15:29:00,25,17545.61,66,6,Apparel,Credit Card,United States,8,701.82,489,20.0
CUST_1261,2025-06-07 19:54:00,2024-01-07 13:48:00,31,15835.83,81,6,Apparel,Credit Card,Germany,24,510.83,541,17.2
CUST_1262,2025-06-30 08:58:00,2024-02-01 15:47:00,37,22268.36,90,5,Home & Kitchen,Credit Card,Australia,1,601.85,516,14.3
CUST_1263,2025-06-15 17:45:00,2024-01-29 16:58:00,32,26598.25,97,6,Apparel,Credit Card,United States,16,831.2,519,16.2
CUST_1264,2025-06-06 09:23:00,2024-01-07 16:36:00,37,24445.3,105,6,Electronics,Credit Card,United Kingdom,25,660.68,541,14.3
CUST_1265,2025-06-23 22:17:00,2024-01-06 14:54:00,36,17066.52,112,6,Apparel,Credit Card,India,8,474.07,542,15.3
CUST_1266,2025-06-26 12:21:00,2024-03-29 09:19:00,31,24914.88,84,6,Apparel,Credit Card,Germany,5,803.71,459,15.1
CUST_1267,2025-06-21 15:42:00,2024-01-05 11:57:00,38,25873.53,92,6,Home & Kitchen,PayPal,Germany,10,680.88,543,14.4
CUST_1268,2025-05-29 21:56:00,2024-02-17 09:54:00,31,24624.17,91,6,Electronics,Credit Card,Germany,33,794.33,500,15.6
CUST_1269,2025-06-28 10:25:00,2024-01-04 15:04:00,35,22589.62,90,6,Electronics,Credit Card,United States,3,645.42,544,15.9
CUST_1270,2025-06-16 14:26:00,2024-01-31 19:25:00,29,13753.6,85,6,Apparel,Credit Card,United States,15,474.26,517,17.9
CUST_1271,2025-06-13 08:48:00,2024-01-16 12:51:00,30,17065.11,68,6,Apparel,Credit Card,Canada,18,568.84,532,17.7
CUST_1272,2025-06-20 17:46:00,2024-01-06 10:42:00,26,15419.03,69,6,Apparel,Credit Card,Canada,11,593.04,542,21.2
CUST_1273,2024-06-24 18:40:00,2024-01-01 09:50:00,28,11848.4,72,6,Apparel,PayPal,India,372,423.16,547,6.5
CUST_1274,2024-06-29 11:26:00,2024-01-02 13:06:00,37,16751.69,94,6,Home & Kitchen,Credit Card,India,367,452.75,546,5.0
CUST_1275,2025-06-13 18:09:00,2024-01-09 12:00:00,36,17022.66,99,6,Apparel,Credit Card,United Kingdom,18,472.85,539,14.9
CUST_1276,2025-06-26 08:13:00,2024-02-03 13:03:00,36,16656.87,92,5,Apparel,Credit Card,United Kingdom,5,462.69,514,14.5
CUST_1277,2025-06-07 17:25:00,2024-01-02 12:31:00,32,18394.4,67,6,Electronics,PayPal,Canada,24,574.83,546,16.8
CUST_1278,2025-05-28 19:40:00,2024-01-02 22:46:00,35,22792.6,86,6,Apparel,Credit Card,Germany,34,651.22,546,15.1
CUST_1279,2025-06-30 16:21:00,2024-01-14 16:47:00,34,16277.78,91,6,Apparel,Credit Card,Germany,1,478.76,534,16.2
CUST_1280,2025-06-11 09:40:00,2024-02-18 15:30:00,30,21725.76,80,6,Electronics,Credit Card,Canada,20,724.19,499,16.5
CUST_1281,2025-06-11 20:34:00,2024-01-16 17:27:00,30,29723.38,98,6,Electronics,Credit Card,India,20,990.78,532,17.7
CUST_1282,2024-06-19 20:23:00,2024-01-03 19:10:00,42,23159.21,120,6,Sports & Outdoors,Credit Card,United States,377,551.41,545,4.1
CUST_1283,2025-06-12 08:00:00,2024-01-11 17:22:00,36,24289.19,96,6,Electronics,Credit Card,United States,19,674.7,537,14.8
CUST_1284,2025-06-17 22:24:00,2024-01-11 17:06:00,47,12841.8,112,6,Apparel,Credit Card,United States,14,273.23,537,11.4
CUST_1285,2025-06-30 08:41:00,2024-01-11 21:52:00,33,22964.56,82,6,Electronics,Credit Card,United Kingdom,1,695.9,537,16.8
CUST_1286,2024-06-25 12:12:00,2024-01-03 15:40:00,48,31379.26,138,6,Apparel,Credit Card,United States,371,653.73,545,3.7
CUST_1287,2025-06-28 20:59:00,2024-01-12 16:20:00,46,36748.07,125,6,Electronics,Credit Card,United Kingdom,3,798.87,536,11.8
CUST_1288,2025-06-16 14:12:00,2024-01-07 12:20:00,26,16394.01,74,5,Apparel,Credit Card,United Kingdom,15,630.54,541,21.0
CUST_1289,2025-06-13 12:02:00,2024-02-02 13:53:00,41,38147.7,158,6,Electronics,Credit Card,United States,18,930.43,515,12.4
CUST_1290,2025-06-30 21:38:00,2024-01-10 11:47:00,36,17102.77,96,6,Apparel,Credit Card,United Kingdom,1,475.08,538,15.3
CUST_1291,2025-05-30 15:37:00,2024-01-01 15:55:00,39,21800.75,105,5,Apparel,Credit Card,United States,32,558.99,547,13.6
CUST_1292,2025-06-28 13:13:00,2024-01-05 14:29:00,31,19383.72,78,6,Home & Kitchen,Credit Card,United States,3,625.28,543,18.0
CUST_1293,2025-06-11 08:39:00,2024-01-13 12:17:00,41,22148.88,103,6,Apparel,Credit Card,Canada,20,540.22,535,12.9
CUST_1294,2025-06-10 11:57:00,2024-02-05 10:45:00,27,15302.03,87,6,Electronics,PayPal,United States,21,566.74,512,18.9
CUST_1295,2025-06-21 17:39:00,2024-01-24 18:37:00,37,21295.42,128,6,Apparel,Credit Card,United States,10,575.55,524,14.3
CUST_1296,2025-06-23 13:25:00,2024-01-20 12:07:00,31,37001.37,111,6,Beauty & Personal Care,Credit Card,United Kingdom,8,1193.59,528,17.3
CUST_1297,2025-06-30 16:40:00,2024-01-14 11:02:00,29,13178.15,86,6,Home & Kitchen,Credit Card,Canada,1,454.42,534,19.0
CUST_1298,2025-06-27 21:27:00,2024-01-16 08:25:00,35,22950.07,117,6,Beauty & Personal Care,PayPal,United States,4,655.72,532,15.5
CUST_1299,2025-06-29 17:50:00,2024-01-04 20:50:00,33,40966.45,121,5,Electronics,Credit Card,Germany,2,1241.41,544,16.9
CUST_1300,2025-05-24 10:00:00,2024-01-02 10:44:00,41,17448.37,154,6,Apparel,Credit Card,United States,38,425.57,546,12.7
CUST_1301,2024-06-28 14:28:00,2024-01-04 10:10:00,30,12742.0,81,6,Beauty & Personal Care,Credit Card,United States,368,424.73,544,6.1
CUST_1302,2025-06-24 20:38:00,2024-02-02 15:17:00,31,21346.4,89,6,Apparel,Credit Card,United Kingdom,7,688.59,515,16.9
CUST_1303,2025-06-25 16:18:00,2024-01-16 09:11:00,31,14113.3,100,6,Apparel,Credit Card,United Kingdom,6,455.27,532,17.5
CUST_1304,2025-06-22 09:14:00,2024-01-15 13:57:00,34,12719.62,87,6,Apparel,Credit Card,Germany,9,374.11,533,15.9
CUST_1305,2025-06-19 08:53:00,2024-04-16 15:47:00,27,10042.89,68,6,Home & Kitchen,Credit Card,Germany,12,371.96,441,16.5
CUST_1306,2025-06-29 22:32:00,2024-01-06 14:02:00,38,19877.85,97,6,Apparel,Credit Card,Australia,2,523.1,542,14.6
CUST_1307,2025-06-28 18:35:00,2024-01-28 08:35:00,36,22260.42,112,6,Apparel,Credit Card,United Kingdom,3,618.34,520,14.8
CUST_1308,2025-06-25 16:07:00,2024-01-07 16:19:00,36,19128.03,100,6,Beauty & Personal Care,Credit Card,United States,6,531.33,541,15.3
CUST_1309,2025-06-13 20:51:00,2024-01-01 12:18:00,28,13308.6,70,6,Beauty & Personal Care,Credit Card,Canada,18,475.31,547,19.6
CUST_1310,2025-05-23 14:05:00,2024-02-17 13:03:00,27,20252.76,98,5,Home & Kitchen,Credit Card,United States,39,750.1,500,17.7
CUST_1311,2025-06-26 19:01:00,2024-01-14 18:00:00,31,14284.81,79,6,Electronics,Credit Card,United Kingdom,5,460.8,534,17.6
CUST_1312,2025-06-07 12:23:00,2024-01-08 22:40:00,32,14741.65,79,6,Apparel,Credit Card,United States,24,460.68,540,16.6
CUST_1313,2025-06-15 11:02:00,2024-01-19 08:13:00,28,13143.16,70,6,Apparel,Credit Card,United States,16,469.4,529,19.0
CUST_1314,2025-06-27 21:22:00,2024-02-20 16:41:00,28,31577.28,108,6,Apparel,Credit Card,Australia,4,1127.76,497,18.3
CUST_1315,2025-06-29 18:48:00,2024-01-03 16:46:00,40,43471.24,160,5,Apparel,Credit Card,Canada,2,1086.78,545,13.9
CUST_1316,2024-06-28 17:02:00,2024-01-07 10:08:00,31,17497.97,87,6,Apparel,Credit Card,Germany,368,564.45,541,5.8
CUST_1317,2025-06-24 14:53:00,2024-01-21 09:35:00,29,21612.2,79,6,Electronics,Credit Card,United Kingdom,7,745.25,527,18.6
CUST_1318,2025-06-15 10:15:00,2024-02-08 15:21:00,23,7997.41,69,6,Books,Credit Card,United States,16,347.71,509,22.4
CUST_1319,2025-06-25 17:45:00,2024-01-04 09:37:00,36,21179.74,92,6,Apparel,Credit Card,United States,6,588.33,544,15.4
CUST_1320,2025-06-30 13:25:00,2024-02-04 21:03:00,35,19150.48,85,6,Apparel,PayPal,United States,1,547.16,513,15.1
CUST_1321,2025-06-11 11:48:00,2024-01-05 22:41:00,32,12713.3,103,6,Apparel,Credit Card,United Kingdom,20,397.29,543,16.9
CUST_1322,2025-06-30 20:41:00,2024-02-19 18:09:00,37,17939.0,99,6,Apparel,Credit Card,Germany,1,484.84,498,13.8
CUST_1323,2025-05-28 15:36:00,2024-01-01 18:21:00,25,14370.75,65,6,Beauty & Personal Care,Credit Card,Germany,34,574.83,547,21.4
CUST_1324,2025-06-07 22:31:00,2024-01-11 10:20:00,37,22438.92,99,6,Home & Kitchen,Credit Card,United States,24,606.46,537,14.2
CUST_1325,2025-06-25 10:56:00,2024-01-12 10:22:00,24,13536.99,51,6,Electronics,Credit Card,Australia,6,564.04,536,23.0
CUST_1326,2025-06-22 22:10:00,2024-02-02 22:35:00,30,21828.91,74,5,Apparel,Credit Card,Germany,9,727.63,515,17.4
CUST_1327,2025-06-25 14:34:00,2024-01-03 16:02:00,37,50603.67,143,6,Apparel,Credit Card,United Kingdom,6,1367.67,545,15.0
CUST_1328,2024-06-27 11:44:00,2024-01-01 12:05:00,30,12840.36,84,6,Home & Kitchen,Credit Card,Germany,369,428.01,547,6.1
CUST_1329,2025-06-06 22:16:00,2024-01-05 13:19:00,30,23144.86,87,6,Apparel,Credit Card,United Kingdom,25,771.5,543,17.9
CUST_1330,2025-06-21 10:02:00,2024-01-04 14:17:00,28,10271.58,61,6,Home & Kitchen,Credit Card,United States,10,366.84,544,19.8
CUST_1331,2024-06-21 15:34:00,2024-01-01 20:12:00,28,10886.31,61,6,Home & Kitchen,Credit Card,United States,375,388.8,547,6.4
CUST_1332,2025-06-16 19:07:00,2024-01-10 21:53:00,44,20940.05,108,6,Home & Kitchen,Credit Card,Canada,15,475.91,538,12.2
CUST_1333,2025-06-13 14:36:00,2024-01-12 09:58:00,36,18083.89,107,6,Apparel,Credit Card,United States,18,502.33,536,14.8
CUST_1334,2025-06-06 17:00:00,2024-01-08 17:15:00,44,29748.26,100,6,Home & Kitchen,Credit Card,United States,25,676.1,540,12.0
CUST_1335,2025-04-26 12:37:00,2024-01-25 11:10:00,32,19963.86,71,6,Electronics,Credit Card,United States,66,623.87,523,14.7
CUST_1336,2025-06-28 17:59:00,2024-02-03 12:48:00,28,16767.44,68,6,Apparel,Credit Card,United States,3,598.84,514,18.9
CUST_1337,2025-06-30 13:49:00,2024-01-20 16:48:00,42,28235.25,120,6,Apparel,Credit Card,India,1,672.27,528,12.9
CUST_1338,2025-06-23 13:22:00,2024-01-21 10:04:00,42,28738.45,107,6,Apparel,Credit Card,Germany,8,684.25,527,12.7
CUST_1339,2024-06-23 13:28:00,2024-01-03 08:29:00,42,19209.56,113,6,Apparel,Credit Card,United Kingdom,373,457.37,545,4.2
CUST_1340,2025-05-07 14:26:00,2024-01-12 09:09:00,38,22055.78,104,6,Electronics,Credit Card,United States,55,580.42,536,13.0
CUST_1341,2025-06-30 13:39:00,2024-01-07 10:45:00,31,17999.04,86,5,Apparel,Credit Card,United Kingdom,1,580.61,541,18.0
CUST_1342,2025-06-24 14:26:00,2024-01-10 22:03:00,40,13428.62,111,6,Apparel,Credit Card,United Kingdom,7,335.72,538,13.6
CUST_1343,2025-06-12 12:38:00,2024-01-16 11:08:00,37,15191.34,88,6,Beauty & Personal Care,PayPal,United States,19,410.58,532,14.2
CUST_1344,2025-05-03 13:25:00,2024-01-11 18:49:00,21,10028.7,46,6,Sports & Outdoors,Credit Card,United Kingdom,59,477.56,537,23.9
CUST_1345,2024-06-27 08:55:00,2024-01-01 20:53:00,37,21372.42,101,6,Apparel,Credit Card,United States,369,577.63,547,4.9
CUST_1346,2025-06-18 08:49:00,2024-01-01 13:02:00,36,16922.19,106,6,Apparel,PayPal,Germany,13,470.06,547,15.3
CUST_1347,2025-06-27 10:45:00,2024-03-26 17:28:00,32,17157.16,87,6,Beauty & Personal Care,Credit Card,Germany,4,536.16,462,14.8
CUST_1348,2025-06-24 21:41:00,2024-01-10 14:44:00,27,13468.21,60,6,Home & Kitchen,Credit Card,United States,7,498.82,538,20.4
CUST_1349,2024-06-25 08:20:00,2024-01-02 20:53:00,27,22780.93,81,6,Apparel,Credit Card,United States,371,843.74,546,6.7
CUST_1350,2025-06-19 22:37:00,2024-02-03 16:36:00,33,17534.59,81,6,Electronics,Credit Card,Germany,12,531.35,514,15.7
CUST_1351,2025-06-21 18:08:00,2024-01-02 17:24:00,23,12992.35,65,6,Books,Credit Card,United Kingdom,10,564.88,546,24.4
CUST_1352,2025-06-03 21:44:00,2024-01-17 12:46:00,30,14753.57,80,6,Apparel,Credit Card,India,28,491.79,531,17.3
CUST_1353,2024-06-26 22:40:00,2024-01-09 20:25:00,24,12015.72,74,6,Beauty & Personal Care,Credit Card,Germany,370,500.66,539,7.3
CUST_1354,2025-06-29 21:17:00,2024-03-30 11:30:00,29,19984.78,80,5,Electronics,Credit Card,United States,2,689.13,458,16.3
CUST_1355,2024-06-26 14:22:00,2024-01-07 11:37:00,38,20130.62,97,6,Apparel,Credit Card,United States,370,529.75,541,4.6
CUST_1356,2025-06-27 16:42:00,2024-01-26 13:27:00,36,18238.14,97,6,Electronics,Credit Card,Germany,4,506.62,522,14.8
CUST_1357,2025-06-26 20:37:00,2024-01-06 08:15:00,35,22608.67,104,6,Electronics,Credit Card,United States,5,645.96,542,15.8
CUST_1358,2025-06-23 10:46:00,2024-01-15 09:05:00,36,15395.84,107,6,Apparel,Credit Card,United Kingdom,8,427.66,533,15.0
CUST_1359,2025-06-29 14:35:00,2024-01-26 16:39:00,36,23097.54,94,6,Beauty & Personal Care,Credit Card,India,2,641.6,522,14.9
CUST_1360,2025-06-26 11:46:00,2024-01-06 10:15:00,31,14078.34,89,6,Home & Kitchen,Credit Card,United Kingdom,5,454.14,542,17.9
CUST_1361,2025-06-21 11:32:00,2024-01-07 19:17:00,36,13976.44,95,6,Apparel,Credit Card,United States,10,388.23,541,15.2
CUST_1362,2025-05-31 14:14:00,2024-01-05 17:33:00,32,13808.14,74,6,Apparel,Credit Card,Germany,31,431.5,543,16.5
CUST_1363,2025-06-23 08:39:00,2024-01-07 10:41:00,30,9439.62,84,6,Apparel,Credit Card,United Kingdom,8,314.65,541,18.4
CUST_1364,2025-06-24 22:06:00,2024-01-01 22:10:00,35,18930.81,89,6,Electronics,Credit Card,United Kingdom,7,540.88,547,15.9
CUST_1365,2024-06-26 19:52:00,2024-01-07 21:23:00,29,22431.06,95,5,Apparel,Credit Card,India,370,773.48,541,6.1
CUST_1366,2024-06-28 13:50:00,2024-01-01 15:23:00,32,20430.12,87,6,Electronics,Credit Card,United States,368,638.44,547,5.8
CUST_1367,2025-06-08 08:55:00,2024-01-14 21:28:00,35,32387.92,121,6,Home & Kitchen,Credit Card,Australia,23,925.37,534,15.0
CUST_1368,2025-06-24 10:38:00,2024-01-10 09:37:00,41,28133.97,119,6,Electronics,Credit Card,India,7,686.19,538,13.3
CUST_1369,2025-06-27 08:34:00,2024-01-28 19:29:00,35,14830.73,101,6,Apparel,Credit Card,United States,4,423.74,520,15.2
CUST_1370,2025-06-03 20:42:00,2024-01-14 09:54:00,28,11942.14,59,6,Electronics,Credit Card,United States,28,426.5,534,18.7
CUST_1371,2025-06-11 15:05:00,2024-02-27 11:34:00,22,10202.41,55,5,Apparel,Credit Card,United States,20,463.75,490,22.4
CUST_1372,2025-06-05 17:50:00,2024-01-28 19:03:00,31,18493.33,80,6,Home & Kitchen,Credit Card,United States,26,596.56,520,16.5
CUST_1373,2025-06-25 20:57:00,2024-01-09 09:43:00,29,16049.13,82,6,Apparel,Credit Card,United States,6,553.42,539,19.0
CUST_1374,2025-06-04 08:34:00,2024-01-10 15:43:00,28,24074.1,79,5,Electronics,Credit Card,Germany,27,859.79,538,18.9
CUST_1375,2025-06-07 12:25:00,2024-03-03 19:43:00,31,14128.07,81,6,Electronics,Credit Card,United States,24,455.74,485,15.4
CUST_1376,2025-06-27 08:49:00,2024-02-27 19:04:00,27,14196.35,74,6,Apparel,Credit Card,United States,4,525.79,490,18.7
CUST_1377,2025-06-17 09:50:00,2024-01-25 21:39:00,35,16029.31,98,6,Apparel,Credit Card,Canada,14,457.98,523,15.0
CUST_1378,2025-06-11 08:54:00,2024-01-03 16:15:00,35,20083.64,96,6,Apparel,PayPal,United States,20,573.82,545,15.4
CUST_1379,2025-06-30 21:24:00,2024-01-22 19:34:00,42,26795.54,123,6,Electronics,Credit Card,Canada,1,637.99,526,12.8
CUST_1380,2025-06-04 22:49:00,2024-01-04 15:23:00,39,19386.57,97,6,Home & Kitchen,PayPal,United States,27,497.09,544,13.6
CUST_1381,2025-05-23 15:32:00,2024-01-12 14:34:00,30,15865.89,77,6,Apparel,Credit Card,United States,39,528.86,536,17.1
CUST_1382,2024-06-22 08:02:00,2024-01-01 14:53:00,41,16612.52,115,6,Apparel,Credit Card,Germany,374,405.18,547,4.3
CUST_1383,2025-06-26 22:16:00,2024-02-12 22:20:00,38,25740.03,92,6,Electronics,Credit Card,Germany,5,677.37,505,13.5
CUST_1384,2025-06-06 14:29:00,2024-01-01 10:17:00,30,13830.07,93,6,Apparel,Credit Card,India,25,461.0,547,18.0
CUST_1385,2025-06-29 16:14:00,2024-01-09 10:22:00,35,21420.05,101,6,Home & Kitchen,Credit Card,Germany,2,612.0,539,15.8
CUST_1386,2025-06-20 13:54:00,2024-01-28 11:30:00,30,13841.96,82,5,Beauty & Personal Care,Credit Card,Canada,11,461.4,520,17.6
CUST_1387,2025-06-16 08:06:00,2024-01-26 09:03:00,24,28093.85,87,5,Home & Kitchen,Credit Card,United States,15,1170.58,522,22.0
CUST_1388,2025-06-22 21:14:00,2024-02-16 13:35:00,36,24688.68,106,6,Apparel,Credit Card,United States,9,685.8,501,14.1
CUST_1389,2025-06-28 15:50:00,2024-02-14 14:15:00,45,26420.79,113,6,Electronics,PayPal,Canada,3,587.13,503,11.4
CUST_1390,2024-06-28 09:50:00,2024-01-07 12:35:00,29,15158.72,76,6,Apparel,Credit Card,Canada,368,522.71,541,6.2
CUST_1391,2025-06-04 19:56:00,2024-01-28 12:04:00,35,27821.03,120,6,Apparel,Credit Card,Australia,27,794.89,520,14.5
CUST_1392,2025-06-16 13:50:00,2024-01-10 10:26:00,42,24153.33,112,6,Home & Kitchen,Credit Card,United Kingdom,15,575.08,538,12.8
CUST_1393,2025-05-28 16:52:00,2024-01-25 21:33:00,23,10470.2,52,5,Home & Kitchen,Credit Card,United States,34,455.23,523,22.2
CUST_1394,2025-06-26 15:35:00,2024-01-16 22:30:00,38,16710.45,114,6,Beauty & Personal Care,PayPal,Canada,5,439.75,532,14.2
CUST_1395,2025-06-17 09:48:00,2024-01-27 17:47:00,37,26453.97,100,6,Electronics,Credit Card,United States,14,714.97,521,14.1
CUST_1396,2025-06-02 13:54:00,2024-01-18 16:34:00,32,19074.36,79,6,Apparel,Credit Card,India,29,596.07,530,16.2
CUST_1397,2025-06-26 08:53:00,2024-01-02 09:01:00,31,27147.16,87,5,Apparel,Credit Card,India,5,875.71,546,18.0
CUST_1398,2025-06-19 11:14:00,2024-01-07 14:16:00,40,21996.97,95,6,Electronics,Credit Card,United Kingdom,12,549.92,541,13.6
CUST_1399,2025-05-17 14:06:00,2024-01-05 21:37:00,30,12054.76,86,6,Apparel,Credit Card,Canada,45,401.83,543,17.2
CUST_1400,2025-05-04 15:12:00,2024-01-02 19:34:00,39,22522.44,109,6,Apparel,Credit Card,Canada,58,577.5,546,12.8
CUST_1401,2025-06-15 16:03:00,2024-02-02 13:11:00,29,18796.57,75,6,Home & Kitchen,Credit Card,United States,16,648.16,515,17.8
CUST_1402,2025-05-08 08:27:00,2024-01-07 17:18:00,38,48738.25,125,6,Electronics,Credit Card,India,54,1282.59,541,13.2
CUST_1403,2025-06-10 13:56:00,2024-01-10 12:52:00,32,18257.31,72,6,Apparel,Credit Card,United Kingdom,21,570.54,538,16.7
CUST_1404,2025-06-20 22:52:00,2024-01-03 18:52:00,31,29921.16,112,6,Home & Kitchen,Credit Card,Canada,11,965.2,545,17.8
CUST_1405,2025-05-08 10:30:00,2024-01-06 10:04:00,29,15825.22,73,5,Home & Kitchen,Credit Card,United States,54,545.7,542,17.4
CUST_1406,2025-06-30 09:59:00,2024-01-07 19:42:00,26,11434.57,63,6,Apparel,Credit Card,India,1,439.79,541,21.6
CUST_1407,2024-06-10 22:47:00,2024-01-01 22:03:00,23,9262.69,60,6,Beauty & Personal Care,Credit Card,United States,386,402.73,547,7.3
CUST_1408,2025-06-06 17:08:00,2024-01-05 09:28:00,23,12812.7,60,6,Apparel,Credit Card,United States,25,557.07,543,23.5
CUST_1409,2025-06-21 11:48:00,2024-01-06 09:11:00,35,16046.48,87,6,Apparel,PayPal,India,10,458.47,542,15.6
CUST_1410,2025-05-25 19:00:00,2024-01-02 22:18:00,25,9495.28,73,6,Home & Kitchen,Credit Card,United States,37,379.81,546,21.2
CUST_1411,2025-06-09 11:16:00,2024-01-13 22:27:00,23,12659.68,58,6,Beauty & Personal Care,Credit Card,United States,22,550.42,535,23.3
CUST_1412,2024-06-28 15:30:00,2024-01-07 12:33:00,32,16161.22,88,6,Home & Kitchen,Credit Card,Australia,368,505.04,541,5.6
CUST_1413,2024-06-26 11:20:00,2024-01-06 12:45:00,36,26677.74,92,6,Home & Kitchen,Credit Card,Australia,370,741.05,542,4.9
CUST_1414,2025-06-30 19:09:00,2024-01-18 12:19:00,30,12707.76,78,6,Apparel,Credit Card,United Kingdom,1,423.59,530,18.2
CUST_1415,2025-06-29 15:17:00,2024-01-05 17:09:00,47,27910.27,106,6,Apparel,Credit Card,Germany,2,593.84,543,11.8
CUST_1416,2025-05-19 15:54:00,2024-01-04 17:48:00,31,17456.21,70,6,Electronics,Credit Card,United Kingdom,43,563.1,544,16.7
CUST_1417,2024-06-27 21:52:00,2024-01-08 16:40:00,37,12917.33,102,6,Home & Kitchen,Credit Card,United States,369,349.12,540,4.8
CUST_1418,2025-06-19 20:16:00,2024-02-19 14:03:00,40,25078.22,108,6,Beauty & Personal Care,Credit Card,United States,12,626.96,498,12.5
CUST_1419,2025-06-11 20:14:00,2024-01-09 09:12:00,31,11076.0,86,6,Beauty & Personal Care,PayPal,Germany,20,357.29,539,17.3
CUST_1420,2025-04-18 17:30:00,2024-01-21 12:54:00,31,15271.86,67,6,Apparel,Credit Card,Canada,74,492.64,527,15.1
CUST_1421,2025-05-23 12:52:00,2024-01-06 21:03:00,24,19381.3,78,5,Electronics,Credit Card,Canada,39,807.55,542,21.9
CUST_1422,2025-06-30 08:24:00,2024-03-14 20:10:00,27,22843.05,106,6,Apparel,Credit Card,Canada,1,846.04,474,18.2
CUST_1423,2025-06-06 19:06:00,2024-01-10 13:48:00,29,9216.1,72,5,Apparel,Credit Card,United States,25,317.8,538,18.3
CUST_1424,2025-06-15 15:42:00,2024-01-27 15:00:00,39,13769.99,93,6,Apparel,Credit Card,United Kingdom,16,353.08,521,13.3
CUST_1425,2025-06-25 17:39:00,2024-01-06 22:38:00,47,31191.72,120,6,Apparel,Credit Card,United States,6,663.65,542,11.7
CUST_1426,2025-06-30 09:15:00,2024-01-16 19:47:00,33,33580.15,121,6,Home & Kitchen,PayPal,United Kingdom,1,1017.58,532,16.6
CUST_1427,2025-06-09 19:57:00,2024-01-06 08:59:00,37,25903.46,93,6,Electronics,Credit Card,United Kingdom,22,700.09,542,14.4
CUST_1428,2025-06-23 16:31:00,2024-01-22 21:23:00,35,21447.67,88,6,Home & Kitchen,Credit Card,India,8,612.79,526,15.2
CUST_1429,2025-06-04 19:02:00,2024-01-19 10:56:00,33,19721.81,83,6,Apparel,Credit Card,United States,27,597.63,529,15.7
CUST_1430,2025-06-29 15:05:00,2024-01-18 10:37:00,39,37988.46,155,6,Apparel,Credit Card,United States,2,974.06,530,13.9
CUST_1431,2025-05-24 21:06:00,2024-01-07 12:07:00,28,23829.76,73,6,Electronics,Credit Card,United States,38,851.06,541,18.6
CUST_1432,2025-06-30 12:23:00,2024-01-05 15:17:00,39,24597.91,99,6,Electronics,Credit Card,Canada,1,630.72,543,14.3
CUST_1433,2025-05-08 20:39:00,2024-01-03 22:32:00,33,18883.86,93,6,Home & Kitchen,Credit Card,Germany,54,572.24,545,15.3
CUST_1434,2025-06-06 22:20:00,2024-01-23 10:10:00,32,16027.58,87,6,Home & Kitchen,Credit Card,United States,25,500.86,525,16.1
CUST_1435,2025-05-25 10:42:00,2024-01-12 18:12:00,27,16096.08,60,6,Electronics,Credit Card,United States,37,596.15,536,19.2
CUST_1436,2025-06-27 08:07:00,2024-02-07 16:16:00,37,20443.96,90,6,Electronics,Credit Card,Germany,4,552.54,510,14.1
CUST_1437,2025-06-16 10:28:00,2024-01-06 14:30:00,44,32011.07,124,5,Electronics,Credit Card,United States,15,727.52,542,12.3
CUST_1438,2025-06-29 19:31:00,2024-01-03 17:19:00,37,18780.63,104,6,Apparel,Credit Card,Canada,2,507.58,545,15.1
CUST_1439,2025-06-30 10:54:00,2024-01-04 14:04:00,38,18800.2,119,6,Apparel,Credit Card,Germany,1,494.74,544,14.7
CUST_1440,2025-05-13 10:23:00,2024-01-27 15:49:00,33,31405.78,108,6,Apparel,Credit Card,United States,49,951.69,521,14.8
CUST_1441,2025-06-06 18:21:00,2024-01-02 19:06:00,38,36461.6,141,6,Electronics,Credit Card,United States,25,959.52,546,14.1
CUST_1442,2025-06-20 14:05:00,2024-01-22 13:43:00,28,9481.55,81,6,Apparel,Credit Card,Australia,11,338.63,526,19.1
CUST_1443,2025-06-21 18:15:00,2024-01-17 11:19:00,38,20861.6,97,6,Home & Kitchen,Credit Card,United States,10,548.99,531,14.1
CUST_1444,2025-06-26 13:18:00,2024-01-16 16:30:00,35,26812.16,89,5,Electronics,Credit Card,United States,5,766.06,532,15.5
CUST_1445,2025-06-27 18:22:00,2024-01-19 21:05:00,43,18171.9,119,6,Apparel,Credit Card,Canada,4,422.6,529,12.5
CUST_1446,2025-06-25 18:16:00,2024-01-20 09:35:00,34,21859.76,83,6,Home & Kitchen,Credit Card,India,6,642.93,528,15.8
CUST_1447,2025-06-25 14:46:00,2024-01-03 08:01:00,40,23841.81,106,6,Apparel,Credit Card,Australia,6,596.05,545,13.8
CUST_1448,2025-06-11 13:22:00,2024-01-20 12:11:00,28,25992.66,74,6,Electronics,Credit Card,Canada,20,928.31,528,18.8
CUST_1449,2025-06-30 17:24:00,2024-01-30 09:38:00,45,29709.95,121,6,Electronics,Credit Card,United States,1,660.22,518,11.8
CUST_1450,2025-06-11 10:31:00,2024-01-01 20:06:00,35,20553.89,93,5,Apparel,Credit Card,United States,20,587.25,547,15.5
CUST_1451,2025-06-18 12:10:00,2024-01-04 18:52:00,25,38395.96,100,6,Electronics,Credit Card,Canada,13,1535.84,544,22.1
CUST_1452,2025-06-19 14:51:00,2024-01-08 09:45:00,38,17919.16,105,6,Apparel,Credit Card,United Kingdom,12,471.56,540,14.3
CUST_1453,2025-04-28 13:16:00,2024-02-08 08:31:00,26,21383.53,69,6,Home & Kitchen,Credit Card,United Kingdom,64,822.44,509,17.8
CUST_1454,2025-06-19 18:42:00,2024-01-10 12:54:00,40,30753.69,102,6,Electronics,Credit Card,India,12,768.84,538,13.5
CUST_1455,2024-06-20 22:54:00,2024-01-01 14:01:00,25,12644.89,67,6,Apparel,Credit Card,United States,376,505.8,547,7.1
CUST_1456,2024-06-23 21:59:00,2024-01-02 20:32:00,42,23649.71,116,6,Apparel,Credit Card,United Kingdom,373,563.09,546,4.2
CUST_1457,2025-06-05 17:51:00,2024-01-03 17:26:00,28,16117.63,68,6,Apparel,Credit Card,United States,26,575.63,545,19.2
CUST_1458,2025-06-20 08:37:00,2024-02-02 11:18:00,26,9988.64,62,6,Apparel,Credit Card,United Kingdom,11,384.18,515,20.2
CUST_1459,2025-06-24 10:36:00,2024-01-10 15:13:00,26,16838.67,61,6,Home & Kitchen,Credit Card,United States,7,647.64,538,21.2
CUST_1460,2025-05-17 19:33:00,2024-01-01 09:39:00,43,19504.61,122,5,Apparel,Credit Card,United States,45,453.6,547,12.0
CUST_1461,2025-05-29 11:24:00,2024-01-13 17:33:00,35,21832.75,94,6,Home & Kitchen,Credit Card,United States,33,623.79,535,14.8
CUST_1462,2025-06-27 09:08:00,2024-03-08 09:03:00,41,23089.31,110,6,Home & Kitchen,Credit Card,Germany,4,563.15,480,11.9
CUST_1463,2025-06-18 18:19:00,2024-02-03 22:36:00,27,15926.92,68,6,Home & Kitchen,Credit Card,Germany,13,589.89,514,19.3
CUST_1464,2025-05-23 08:50:00,2024-01-15 08:26:00,31,13667.21,79,6,Beauty & Personal Care,Credit Card,United Kingdom,39,440.88,533,16.5
CUST_1465,2025-06-18 15:25:00,2024-01-01 21:10:00,38,25762.41,95,6,Electronics,Credit Card,Australia,13,677.96,547,14.4
CUST_1466,2025-06-19 20:10:00,2024-01-26 16:15:00,36,15163.58,83,6,Apparel,Credit Card,United States,12,421.21,522,14.6
CUST_1467,2025-05-19 17:08:00,2024-03-15 09:12:00,26,10277.07,74,6,Home & Kitchen,Credit Card,United States,43,395.27,473,17.2
CUST_1468,2025-06-09 10:49:00,2024-01-14 08:09:00,29,11545.84,89,6,Apparel,Credit Card,India,22,398.13,534,18.3
CUST_1469,2025-06-09 22:02:00,2024-01-05 13:50:00,34,20177.97,93,6,Apparel,Credit Card,United States,22,593.47,543,15.8
CUST_1470,2025-06-27 10:04:00,2024-01-16 17:06:00,41,33676.08,156,6,Apparel,Credit Card,Australia,4,821.37,532,13.2
CUST_1471,2025-06-29 13:37:00,2024-01-10 17:42:00,35,35697.46,126,6,Electronics,Credit Card,United States,2,1019.93,538,15.8
CUST_1472,2025-06-05 12:15:00,2024-01-29 19:30:00,31,13758.99,78,6,Apparel,Credit Card,Australia,26,443.84,519,16.4
CUST_1473,2025-05-04 13:39:00,2024-01-31 09:49:00,28,14234.4,67,6,Apparel,PayPal,United States,58,508.37,517,17.0
CUST_1474,2025-06-29 10:00:00,2024-01-08 16:23:00,27,16871.03,64,6,Electronics,Credit Card,India,2,624.85,540,20.7
CUST_1475,2025-06-27 21:46:00,2024-01-01 16:30:00,27,22304.06,71,6,Electronics,Credit Card,United Kingdom,4,826.08,547,20.9
CUST_1476,2024-06-16 17:16:00,2024-01-04 22:42:00,31,19557.42,72,6,Electronics,Credit Card,Australia,380,630.88,544,5.5
CUST_1477,2025-06-24 14:53:00,2024-01-22 17:48:00,28,13632.35,76,6,Home & Kitchen,Credit Card,United States,7,486.87,526,19.2
CUST_1478,2025-06-26 21:27:00,2024-01-11 15:24:00,38,26137.22,110,6,Apparel,Credit Card,United Kingdom,5,687.82,537,14.4
CUST_1479,2024-06-10 08:48:00,2024-01-02 21:40:00,39,16180.59,98,6,Apparel,Credit Card,Australia,386,414.89,546,4.2
CUST_1480,2025-06-10 13:21:00,2024-01-06 11:46:00,31,10251.09,73,6,Apparel,PayPal,United Kingdom,21,330.68,542,17.4
CUST_1481,2025-05-12 14:14:00,2024-01-04 21:05:00,33,23610.85,88,6,Electronics,Credit Card,Germany,50,715.48,544,15.4
CUST_1482,2025-06-11 10:59:00,2024-01-05 09:08:00,29,10919.44,80,6,Home & Kitchen,Credit Card,Germany,20,376.53,543,18.7
CUST_1483,2025-06-24 11:09:00,2024-01-22 21:54:00,28,24119.84,67,6,Electronics,Credit Card,United Kingdom,7,861.42,526,19.2
CUST_1484,2025-06-03 09:27:00,2024-01-18 20:12:00,37,20929.49,91,6,Home & Kitchen,Credit Card,Germany,28,565.66,530,13.9
CUST_1485,2025-06-20 15:51:00,2024-01-02 11:38:00,36,29170.97,96,6,Electronics,Credit Card,United Kingdom,11,810.3,546,15.3
CUST_1486,2025-05-31 13:37:00,2024-04-18 21:41:00,29,18317.32,89,6,Electronics,Credit Card,India,31,631.63,439,14.6
CUST_1487,2025-06-14 13:24:00,2024-01-23 17:31:00,35,21939.29,82,6,Apparel,Credit Card,United States,17,626.84,525,14.9
CUST_1488,2025-06-19 10:18:00,2024-01-10 21:38:00,37,22692.57,94,6,Electronics,Credit Card,United States,12,613.31,538,14.6
CUST_1489,2025-06-19 15:26:00,2024-01-15 19:01:00,35,15635.22,90,6,Electronics,Credit Card,Australia,12,446.72,533,15.3
CUST_1490,2025-06-20 12:41:00,2024-01-09 13:05:00,28,22245.72,65,6,Apparel,Credit Card,India,11,794.49,539,19.6
CUST_1491,2025-05-14 15:22:00,2024-02-29 11:56:00,35,10488.57,86,6,Apparel,Credit Card,United Kingdom,48,299.67,488,12.9
CUST_1492,2025-06-29 20:51:00,2024-03-09 09:11:00,32,9459.02,91,6,Beauty & Personal Care,Credit Card,Germany,2,295.59,479,15.4
CUST_1493,2025-06-20 18:20:00,2024-01-02 14:34:00,31,12201.99,73,6,Beauty & Personal Care,PayPal,United States,11,393.61,546,17.8
CUST_1494,2025-06-14 18:10:00,2024-01-25 16:29:00,33,12050.49,97,5,Apparel,Credit Card,United States,17,365.17,523,15.8
CUST_1495,2025-06-20 22:05:00,2024-01-03 22:58:00,34,18658.06,87,6,Electronics,Credit Card,United Kingdom,11,548.77,544,16.2
CUST_1496,2025-05-13 11:09:00,2024-01-21 22:05:00,46,32271.02,115,6,Apparel,Credit Card,United States,49,701.54,527,10.6
CUST_1497,2024-06-29 21:16:00,2024-01-04 18:23:00,38,18978.93,92,6,Home & Kitchen,Credit Card,United Kingdom,367,499.45,544,4.8
CUST_1498,2025-06-19 09:26:00,2024-01-02 16:57:00,30,28385.2,126,6,Apparel,Credit Card,United States,12,946.17,546,18.4
CUST_1499,2025-06-23 22:34:00,2024-02-12 15:36:00,25,24113.92,94,6,Home & Kitchen,Credit Card,Australia,8,964.56,505,20.7
CUST_1500,2025-06-25 10:33:00,2024-01-05 18:08:00,31,13949.29,82,6,Apparel,Credit Card,Australia,6,449.98,543,17.9
CUST_1501,2025-06-13 15:47:00,2024-01-17 15:13:00,26,13380.69,82,5,Apparel,Credit Card,Germany,18,514.64,531,20.5
CUST_1502,2025-06-15 16:30:00,2024-01-10 18:01:00,36,28850.51,104,5,Apparel,Credit Card,United Kingdom,16,801.4,538,14.9
CUST_1503,2024-06-27 22:25:00,2024-01-02 13:14:00,40,23257.32,104,6,Electronics,Credit Card,United States,369,581.43,546,4.5
CUST_1504,2025-06-15 16:25:00,2024-01-05 09:18:00,26,17285.55,83,6,Apparel,Credit Card,Canada,16,664.83,543,21.1
CUST_1505,2025-06-28 15:19:00,2024-01-21 22:30:00,33,23065.21,80,5,Home & Kitchen,Credit Card,Germany,3,698.95,527,16.4
CUST_1506,2025-06-30 19:59:00,2024-01-09 15:19:00,38,19075.76,108,6,Apparel,Credit Card,United States,1,501.99,539,14.5
CUST_1507,2025-06-23 13:00:00,2024-01-05 13:00:00,34,27529.17,84,6,Home & Kitchen,PayPal,India,8,809.68,543,16.2
CUST_1508,2025-06-23 14:11:00,2024-01-15 15:48:00,26,13690.34,63,6,Apparel,Credit Card,Canada,8,526.55,533,21.0
CUST_1509,2025-05-25 14:59:00,2024-01-25 14:09:00,23,24862.57,68,6,Electronics,Credit Card,India,37,1080.98,523,22.1
CUST_1510,2025-06-15 18:28:00,2024-01-01 14:28:00,38,16836.68,96,6,Apparel,Credit Card,Germany,16,443.07,547,14.4
CUST_1511,2025-06-28 20:40:00,2024-01-05 08:35:00,31,32606.94,118,6,Apparel,Credit Card,Germany,3,1051.84,543,18.0
CUST_1512,2025-06-25 18:43:00,2024-01-14 18:00:00,34,27143.3,122,6,Books,Credit Card,United Kingdom,6,798.33,534,16.0
CUST_1513,2024-06-22 21:53:00,2024-01-09 15:02:00,29,12506.97,70,6,Home & Kitchen,Credit Card,India,374,431.27,539,5.9
CUST_1514,2025-05-07 14:46:00,2024-01-10 10:44:00,25,14747.34,62,6,Apparel,Credit Card,India,55,589.89,538,20.1
CUST_1515,2025-06-22 15:24:00,2024-02-18 15:24:00,39,31454.7,89,6,Electronics,Credit Card,United States,9,806.53,499,12.9
CUST_1516,2025-06-09 13:50:00,2024-03-02 13:39:00,30,15861.78,73,6,Home & Kitchen,Credit Card,United States,22,528.73,486,16.0
CUST_1517,2025-06-08 15:15:00,2024-01-12 08:28:00,33,18298.85,84,6,Home & Kitchen,Credit Card,United States,23,554.51,536,16.0
CUST_1518,2024-06-21 21:55:00,2024-01-01 15:38:00,34,25294.49,90,6,Apparel,Credit Card,Canada,375,743.96,547,5.2
CUST_1519,2025-06-17 20:26:00,2024-01-25 20:23:00,24,17132.2,66,6,Electronics,Credit Card,Australia,14,713.84,523,22.1
CUST_1520,2025-06-07 22:08:00,2024-01-03 16:46:00,27,7463.04,79,5,Home & Kitchen,PayPal,United States,24,276.41,545,20.0
CUST_1521,2024-06-22 14:44:00,2024-01-02 18:04:00,34,22333.45,75,6,Electronics,Credit Card,United Kingdom,374,656.87,546,5.2
CUST_1522,2025-06-27 17:03:00,2024-01-02 20:48:00,25,11268.24,67,6,Apparel,Credit Card,United States,4,450.73,546,22.6
CUST_1523,2024-06-15 18:44:00,2024-01-02 09:22:00,34,18012.76,100,6,Apparel,Credit Card,Australia,381,529.79,546,5.0
CUST_1524,2025-06-08 15:14:00,2024-01-07 10:24:00,38,54601.79,131,5,Home & Kitchen,Credit Card,Canada,23,1436.89,541,14.0
CUST_1525,2025-06-28 14:50:00,2024-02-27 20:31:00,36,12529.27,86,6,Apparel,Credit Card,Canada,3,348.04,490,13.9
CUST_1526,2025-06-29 18:25:00,2024-01-02 15:58:00,37,15032.35,99,6,Apparel,Credit Card,United Kingdom,2,406.28,546,15.1
CUST_1527,2025-06-27 08:20:00,2024-01-09 11:15:00,19,9065.72,53,6,Beauty & Personal Care,Credit Card,United Kingdom,4,477.14,539,29.7
CUST_1528,2024-06-24 20:45:00,2024-01-07 22:07:00,34,16010.41,85,6,Apparel,Credit Card,United States,372,470.89,541,5.1
CUST_1529,2025-06-27 09:19:00,2024-01-15 20:24:00,30,11238.1,77,6,Home & Kitchen,Credit Card,United States,4,374.6,533,18.2
CUST_1530,2025-06-27 10:17:00,2024-01-03 09:40:00,34,19968.17,98,6,Apparel,Credit Card,India,4,587.3,545,16.4
CUST_1531,2025-06-10 08:27:00,2024-01-19 10:07:00,37,17291.92,96,6,Home & Kitchen,Credit Card,Canada,21,467.35,529,14.1
CUST_1532,2025-06-01 15:22:00,2024-01-07 13:50:00,41,16698.07,111,6,Apparel,Credit Card,Australia,30,407.27,541,12.8
CUST_1533,2025-06-10 22:48:00,2024-01-05 16:05:00,34,18696.93,88,6,Books,Credit Card,Australia,21,549.91,543,15.8
CUST_1534,2024-06-28 15:13:00,2024-01-07 08:40:00,22,19619.92,57,5,Apparel,Credit Card,United Kingdom,368,891.81,541,8.2
CUST_1535,2025-06-20 10:29:00,2024-02-03 12:24:00,32,15533.1,103,6,Apparel,Credit Card,Canada,11,485.41,514,16.2
CUST_1536,2025-06-17 20:58:00,2024-02-16 20:34:00,24,10600.37,65,6,Apparel,Credit Card,India,14,441.68,501,21.2
CUST_1537,2025-06-26 15:03:00,2024-01-03 10:47:00,43,27658.82,125,6,Apparel,Credit Card,Canada,5,643.23,545,12.9
CUST_1538,2025-05-22 15:11:00,2024-02-12 17:00:00,32,13958.35,82,6,Apparel,PayPal,United States,40,436.2,505,15.0
CUST_1539,2025-06-24 15:26:00,2024-01-22 14:22:00,33,13894.66,92,5,Home & Kitchen,Credit Card,United Kingdom,7,421.05,526,16.2
CUST_1540,2025-05-31 18:05:00,2024-01-21 18:45:00,29,26875.63,78,6,Electronics,Credit Card,United States,31,926.75,527,17.7
CUST_1541,2024-06-25 21:01:00,2024-01-05 22:29:00,27,8046.52,71,6,Apparel,Credit Card,Australia,371,298.02,543,6.6
CUST_1542,2025-06-28 11:21:00,2024-01-18 21:13:00,30,18866.76,81,5,Home & Kitchen,Credit Card,Germany,3,628.89,530,18.2
CUST_1543,2025-06-17 09:12:00,2024-01-08 15:29:00,38,16878.27,106,6,Apparel,Credit Card,United States,14,444.16,540,14.2
CUST_1544,2025-06-21 13:23:00,2024-01-08 21:01:00,52,28511.22,140,6,Home & Kitchen,Credit Card,Germany,10,548.29,540,10.4
CUST_1545,2024-06-24 21:40:00,2024-01-02 22:55:00,30,14561.36,80,6,Apparel,Credit Card,Germany,372,485.38,546,6.0
CUST_1546,2025-06-04 09:24:00,2024-01-17 14:32:00,28,12531.22,77,6,Apparel,PayPal,United States,27,447.54,531,18.7
CUST_1547,2025-06-27 20:34:00,2024-01-06 20:09:00,33,31462.9,111,6,Electronics,Credit Card,United States,4,953.42,542,16.8
CUST_1548,2025-06-19 19:10:00,2024-02-04 09:40:00,28,19773.67,77,6,Home & Kitchen,Credit Card,Germany,12,706.2,513,18.6
CUST_1549,2025-06-29 20:39:00,2024-01-20 09:56:00,31,19150.87,80,6,Electronics,Credit Card,United Kingdom,2,617.77,528,17.5
CUST_1550,2025-06-16 21:25:00,2024-01-01 19:18:00,30,30758.3,110,6,Home & Kitchen,Credit Card,Canada,15,1025.28,547,18.3
CUST_1551,2025-06-17 08:07:00,2024-02-11 15:32:00,32,14201.32,92,6,Home & Kitchen,Credit Card,United Kingdom,14,443.79,506,15.9
CUST_1552,2025-06-22 12:56:00,2024-01-13 17:49:00,34,21852.47,99,6,Apparel,Credit Card,India,9,642.72,535,15.9
CUST_1553,2025-06-09 08:28:00,2024-01-08 16:22:00,37,13006.4,99,6,Apparel,Credit Card,United Kingdom,22,351.52,540,14.4
CUST_1554,2024-06-16 11:33:00,2024-01-10 08:38:00,34,18175.58,96,6,Apparel,Credit Card,United Kingdom,380,534.58,538,4.8
CUST_1555,2025-06-19 11:26:00,2024-02-08 16:37:00,32,18661.45,82,5,Beauty & Personal Care,Credit Card,India,12,583.17,509,16.0
CUST_1556,2025-06-05 13:28:00,2024-01-29 22:58:00,28,12203.59,68,6,Apparel,PayPal,United Kingdom,26,435.84,518,18.2
CUST_1557,2025-06-12 20:19:00,2024-01-04 14:53:00,32,24624.01,79,6,Electronics,Credit Card,United States,19,769.5,544,16.9
CUST_1558,2025-06-25 18:41:00,2024-01-07 12:10:00,42,24650.84,107,6,Home & Kitchen,Credit Card,United States,6,586.92,541,13.0
CUST_1559,2025-05-31 14:53:00,2024-01-07 11:31:00,36,29600.87,98,6,Electronics,Credit Card,Canada,31,822.25,541,14.6
CUST_1560,2025-06-05 18:46:00,2024-01-05 12:10:00,42,11191.8,123,6,Apparel,Credit Card,Germany,26,266.47,543,12.6
CUST_1561,2025-05-30 14:38:00,2024-01-11 09:24:00,38,25234.13,131,5,Apparel,Credit Card,Germany,32,664.06,537,13.6
CUST_1562,2025-05-18 09:44:00,2024-01-09 17:51:00,33,18332.12,91,6,Apparel,Credit Card,United States,44,555.52,539,15.5
CUST_1563,2025-05-19 08:14:00,2024-01-08 14:35:00,28,15011.9,79,6,Beauty & Personal Care,PayPal,United States,43,536.14,540,18.4
CUST_1564,2025-06-28 15:21:00,2024-01-04 16:12:00,37,25010.79,93,6,Home & Kitchen,Credit Card,United States,3,675.97,544,15.0
CUST_1565,2025-06-12 19:19:00,2024-01-03 11:25:00,42,57138.97,163,6,Electronics,Credit Card,United States,19,1360.45,545,12.8
CUST_1566,2025-06-16 15:58:00,2024-01-31 15:09:00,21,11989.63,58,6,Apparel,Credit Card,United Kingdom,15,570.93,517,25.1
CUST_1567,2025-06-21 17:18:00,2024-01-24 13:55:00,32,16199.24,88,6,Home & Kitchen,Credit Card,United States,10,506.23,524,16.6
CUST_1568,2025-06-13 21:33:00,2024-02-25 09:23:00,28,13704.12,81,6,Beauty & Personal Care,Credit Card,United Kingdom,18,489.43,492,17.6
CUST_1569,2025-04-06 15:17:00,2024-01-01 14:44:00,28,11911.01,78,6,Beauty & Personal Care,Credit Card,India,86,425.39,547,17.1
CUST_1570,2025-06-03 14:47:00,2024-01-22 16:07:00,34,17604.9,87,6,Apparel,Credit Card,United States,28,517.79,526,15.1
CUST_1571,2025-06-30 16:05:00,2024-01-04 11:51:00,34,23044.37,82,6,Apparel,Credit Card,United Kingdom,1,677.78,544,16.5
CUST_1572,2025-06-29 10:09:00,2024-01-05 19:48:00,40,27424.05,115,6,Apparel,Credit Card,Canada,2,685.6,543,13.9
CUST_1573,2025-06-04 11:42:00,2024-01-11 15:18:00,42,26459.96,106,6,Home & Kitchen,Credit Card,United States,27,630.0,537,12.4
CUST_1574,2024-06-23 14:00:00,2024-01-03 12:58:00,29,17332.68,84,6,Apparel,Credit Card,Germany,373,597.68,545,6.1
CUST_1575,2024-06-29 15:32:00,2024-01-04 12:07:00,39,20927.33,96,6,Home & Kitchen,Credit Card,India,367,536.6,544,4.7
CUST_1576,2024-06-25 21:57:00,2024-01-03 12:13:00,44,24804.13,128,6,Apparel,Credit Card,India,371,563.73,545,4.0
CUST_1577,2025-06-10 10:25:00,2024-01-02 22:35:00,33,22474.37,81,5,Electronics,PayPal,United States,21,681.04,546,16.4
CUST_1578,2025-06-27 19:28:00,2024-03-09 21:10:00,22,13728.64,65,6,Apparel,Credit Card,India,4,624.03,479,22.6
CUST_1579,2024-06-26 22:06:00,2024-01-06 15:03:00,31,14660.74,95,6,Apparel,Credit Card,United Kingdom,370,472.93,542,5.7
CUST_1580,2025-06-09 22:35:00,2024-01-13 13:50:00,32,17503.5,84,6,Apparel,Credit Card,United States,22,546.98,535,16.5
CUST_1581,2025-06-29 11:24:00,2024-01-11 10:55:00,35,45523.99,133,6,Electronics,Credit Card,United Kingdom,2,1300.69,537,15.7
CUST_1582,2025-06-13 12:32:00,2024-01-08 11:25:00,37,46386.1,145,6,Apparel,PayPal,Australia,18,1253.68,540,14.5
CUST_1583,2025-06-21 12:34:00,2024-01-05 13:53:00,31,18221.3,92,6,Apparel,Credit Card,United Kingdom,10,587.78,543,17.8
CUST_1584,2024-06-24 21:02:00,2024-01-01 22:22:00,41,21027.75,111,6,Home & Kitchen,Credit Card,United States,372,512.87,547,4.4
CUST_1585,2025-06-24 22:34:00,2024-02-02 20:16:00,41,15982.66,103,6,Apparel,Credit Card,Germany,7,389.82,515,12.7
CUST_1586,2025-06-19 08:48:00,2024-01-17 14:18:00,41,18245.14,103,6,Sports & Outdoors,Credit Card,United States,12,445.0,531,13.0
CUST_1587,2025-06-11 10:59:00,2024-01-05 13:14:00,25,10938.67,68,6,Apparel,Credit Card,United States,20,437.55,543,21.8
CUST_1588,2025-05-31 15:37:00,2024-01-07 21:53:00,40,23398.02,100,6,Apparel,Credit Card,United States,31,584.95,541,13.1
CUST_1589,2025-06-29 15:31:00,2024-01-13 14:44:00,35,16414.09,91,6,Apparel,Credit Card,United States,2,468.97,535,15.7
CUST_1590,2025-05-11 15:39:00,2024-01-04 09:11:00,37,23582.54,97,6,Apparel,Credit Card,United States,51,637.37,544,13.7
CUST_1591,2025-06-22 12:36:00,2024-01-08 17:48:00,38,24396.22,103,6,Electronics,Credit Card,United States,9,642.01,540,14.4
CUST_1592,2024-06-28 21:56:00,2024-01-06 08:17:00,39,24421.69,113,6,Apparel,Credit Card,Germany,368,626.2,542,4.6
CUST_1593,2025-06-20 22:32:00,2024-02-16 17:10:00,40,22098.51,112,6,Apparel,Credit Card,United States,11,552.46,501,12.6
CUST_1594,2025-06-29 08:58:00,2024-03-03 08:53:00,24,14083.12,66,6,Apparel,Credit Card,United States,2,586.8,485,21.0
CUST_1595,2025-05-25 16:37:00,2024-01-04 10:12:00,39,17956.75,117,6,Apparel,Credit Card,India,37,460.43,544,13.3
CUST_1596,2025-06-19 15:02:00,2024-01-26 15:01:00,32,22248.08,99,6,Electronics,Credit Card,United Kingdom,12,695.25,522,16.5
CUST_1597,2025-06-26 22:48:00,2024-02-06 20:40:00,33,27330.22,78,6,Electronics,PayPal,Germany,5,828.19,511,15.8
CUST_1598,2025-06-26 18:59:00,2024-01-23 21:10:00,36,19667.53,94,6,Home & Kitchen,Credit Card,United States,5,546.32,525,14.9
CUST_1599,2025-06-30 15:04:00,2024-01-02 18:49:00,30,15734.99,75,6,Electronics,Credit Card,United States,1,524.5,546,18.8
CUST_1600,2025-06-18 21:21:00,2024-02-15 17:08:00,28,14183.34,80,6,Apparel,Credit Card,United States,13,506.55,502,18.1
CUST_1601,2024-06-28 20:42:00,2024-01-05 15:18:00,36,13976.82,96,6,Apparel,Credit Card,United States,368,388.24,543,5.0
CUST_1602,2025-06-27 13:25:00,2024-01-27 20:39:00,29,17552.82,74,6,Apparel,Credit Card,United States,4,605.27,521,18.5
CUST_1603,2025-06-27 14:02:00,2024-01-22 20:32:00,31,20888.13,86,6,Electronics,Credit Card,United States,4,673.81,526,17.4
CUST_1604,2025-06-28 12:34:00,2024-01-07 16:24:00,32,15696.34,80,6,Home & Kitchen,Credit Card,United States,3,490.51,541,17.4
CUST_1605,2025-06-12 09:35:00,2024-01-14 15:42:00,39,16729.64,98,6,Apparel,Credit Card,United States,19,428.97,534,13.6
CUST_1606,2025-06-30 21:04:00,2024-01-26 21:12:00,34,22702.95,93,6,Electronics,Credit Card,United Kingdom,1,667.73,522,15.8
CUST_1607,2024-06-26 14:51:00,2024-01-07 16:53:00,27,14860.01,82,5,Home & Kitchen,PayPal,United States,370,550.37,541,6.6
CUST_1608,2024-06-27 22:31:00,2024-01-03 13:39:00,35,20180.7,103,6,Home & Kitchen,Credit Card,United States,369,576.59,545,5.2
CUST_1609,2025-06-14 16:09:00,2024-01-02 08:52:00,31,15116.6,86,6,Apparel,Credit Card,United Kingdom,17,487.63,546,17.6
CUST_1610,2024-06-23 22:22:00,2024-01-04 22:09:00,31,20072.17,88,6,Home & Kitchen,PayPal,Germany,373,647.49,544,5.7
CUST_1611,2025-06-27 17:54:00,2024-01-20 16:41:00,28,11829.64,60,6,Apparel,Credit Card,United States,4,422.49,528,19.4
CUST_1612,2025-06-10 15:49:00,2024-01-16 10:33:00,40,22257.89,108,6,Apparel,Credit Card,Canada,21,556.45,532,13.1
CUST_1613,2025-06-04 17:36:00,2024-02-03 16:48:00,29,19358.93,90,6,Apparel,Credit Card,Germany,27,667.55,514,17.4
CUST_1614,2024-06-28 14:52:00,2024-01-13 16:00:00,32,15287.16,89,6,Beauty & Personal Care,Credit Card,United States,368,477.72,535,5.4
CUST_1615,2025-06-09 15:27:00,2024-01-06 09:53:00,41,25226.71,108,6,Apparel,Credit Card,India,22,615.29,542,13.0
CUST_1616,2025-06-21 20:19:00,2024-01-03 14:50:00,39,21458.39,89,6,Home & Kitchen,Credit Card,India,10,550.22,545,14.1
CUST_1617,2025-06-06 21:28:00,2024-01-01 18:29:00,33,21428.79,86,6,Electronics,Credit Card,United States,25,649.36,547,16.3
CUST_1618,2025-06-22 18:55:00,2024-01-03 14:47:00,33,13942.1,86,6,Home & Kitchen,PayPal,United States,9,422.49,545,16.8
CUST_1619,2025-06-19 18:47:00,2024-01-21 10:04:00,36,31984.74,129,5,Apparel,Credit Card,Canada,12,888.46,527,14.7
CUST_1620,2024-06-27 11:20:00,2024-01-01 08:41:00,40,21730.55,105,6,Electronics,Credit Card,Germany,369,543.26,547,4.6
CUST_1621,2025-05-29 11:36:00,2024-01-05 17:21:00,29,20453.3,74,6,Electronics,Credit Card,United States,33,705.29,543,18.2
CUST_1622,2025-06-17 09:54:00,2024-02-14 10:36:00,26,16794.4,72,5,Apparel,Credit Card,United States,14,645.94,503,19.6
CUST_1623,2024-06-25 09:15:00,2024-01-07 11:11:00,27,8730.95,76,6,Home & Kitchen,PayPal,United States,371,323.37,541,6.5
CUST_1624,2025-05-08 21:01:00,2024-02-18 22:51:00,26,11137.66,73,5,Home & Kitchen,Credit Card,United Kingdom,54,428.37,499,17.8
CUST_1625,2024-06-24 20:53:00,2024-01-12 22:12:00,28,17668.85,66,6,Apparel,Credit Card,Germany,372,631.03,536,6.1
CUST_1626,2025-06-15 11:59:00,2024-01-04 09:05:00,25,8195.41,70,6,Beauty & Personal Care,Credit Card,United States,16,327.82,544,22.0
CUST_1627,2025-06-23 15:16:00,2024-02-06 15:03:00,33,15694.27,79,6,Apparel,Credit Card,United Kingdom,8,475.58,511,15.7
CUST_1628,2025-06-26 22:37:00,2024-02-12 19:18:00,35,15658.28,99,6,Apparel,Credit Card,Germany,5,447.38,505,14.7
CUST_1629,2024-06-24 18:31:00,2024-01-04 11:47:00,30,21155.12,79,6,Electronics,Credit Card,United States,372,705.17,544,5.9
CUST_1630,2025-06-11 09:57:00,2024-01-12 08:47:00,45,27822.97,118,6,Apparel,Credit Card,United States,20,618.29,536,11.7
CUST_1631,2025-05-26 16:53:00,2024-01-10 21:24:00,30,18676.99,70,6,Apparel,Credit Card,Germany,36,622.57,538,17.3
CUST_1632,2025-06-16 11:59:00,2024-01-01 11:45:00,29,39323.57,112,6,Electronics,Credit Card,India,15,1355.99,547,19.0
CUST_1633,2025-06-30 16:44:00,2024-02-07 15:12:00,27,16427.21,69,6,Home & Kitchen,Credit Card,United Kingdom,1,608.42,510,19.6
CUST_1634,2025-06-08 20:50:00,2024-01-19 13:03:00,39,15316.22,105,6,Apparel,Credit Card,United Kingdom,23,392.72,529,13.3
CUST_1635,2025-05-14 12:39:00,2024-01-14 14:13:00,33,13570.99,77,5,Apparel,Credit Card,United States,48,411.24,534,15.2
CUST_1636,2024-06-05 22:34:00,2024-01-03 08:03:00,28,16598.66,79,6,Apparel,Credit Card,United Kingdom,391,592.81,545,5.7
CUST_1637,2025-06-24 14:00:00,2024-02-01 21:26:00,31,26237.52,96,6,Apparel,Credit Card,United Kingdom,7,846.37,516,17.0
CUST_1638,2025-06-25 09:45:00,2024-01-02 10:00:00,31,20691.88,74,6,Electronics,Credit Card,United States,6,667.48,546,18.0
CUST_1639,2025-06-27 08:43:00,2024-01-04 14:40:00,34,13308.68,91,6,Apparel,Credit Card,United States,4,391.43,544,16.4
CUST_1640,2024-06-20 12:32:00,2024-01-04 14:40:00,38,21946.94,85,5,Electronics,Credit Card,United States,376,577.55,544,4.5
CUST_1641,2025-06-19 22:22:00,2024-01-03 19:46:00,27,14893.61,73,5,Beauty & Personal Care,Credit Card,United States,12,551.62,545,20.5
CUST_1642,2025-06-16 12:18:00,2024-01-11 18:00:00,39,25209.85,91,6,Home & Kitchen,Credit Card,United States,15,646.41,537,13.7
CUST_1643,2025-05-25 18:35:00,2024-01-12 15:23:00,33,17096.57,84,6,Home & Kitchen,Credit Card,United States,37,518.08,536,15.6
CUST_1644,2025-06-07 16:04:00,2024-01-10 22:40:00,28,17436.61,67,6,Home & Kitchen,Credit Card,United States,24,622.74,538,19.0
CUST_1645,2025-06-23 18:53:00,2024-01-03 12:43:00,26,10157.28,52,6,Apparel,Credit Card,United States,8,390.66,545,21.5
CUST_1646,2025-06-17 19:54:00,2024-01-19 22:57:00,25,9465.73,74,5,Home & Kitchen,Credit Card,India,14,378.63,528,21.4
CUST_1647,2025-06-26 18:02:00,2024-01-04 16:45:00,33,15589.33,92,6,Apparel,Credit Card,United Kingdom,5,472.4,544,16.8
CUST_1648,2025-06-24 16:16:00,2024-01-24 15:30:00,50,23805.53,121,6,Apparel,Credit Card,Germany,7,476.11,524,10.6
CUST_1649,2025-06-30 21:39:00,2024-02-07 19:12:00,40,32903.19,107,6,Electronics,Credit Card,Canada,1,822.58,510,13.1
CUST_1650,2025-06-19 10:24:00,2024-01-01 10:24:00,38,28229.3,90,6,Electronics,Credit Card,United Kingdom,12,742.88,547,14.5
CUST_1651,2025-06-26 18:40:00,2024-02-08 18:16:00,30,13112.17,73,5,Apparel,Credit Card,United States,5,437.07,509,17.4
CUST_1652,2025-06-16 11:38:00,2024-02-04 20:20:00,27,14450.95,60,5,Electronics,PayPal,United Kingdom,15,535.22,513,19.2
CUST_1653,2025-06-26 09:38:00,2024-01-09 15:24:00,34,16670.74,83,6,Apparel,Credit Card,United Kingdom,5,490.32,539,16.2
CUST_1654,2025-06-06 13:39:00,2024-01-05 11:29:00,32,21013.01,75,6,Beauty & Personal Care,Credit Card,Germany,25,656.66,543,16.7
CUST_1655,2025-06-12 15:04:00,2024-01-03 16:16:00,43,25608.15,127,6,Apparel,Credit Card,United Kingdom,19,595.54,545,12.5
CUST_1656,2025-06-12 17:12:00,2024-02-09 11:31:00,30,10767.1,70,6,Home & Kitchen,Credit Card,United States,19,358.9,508,16.9
CUST_1657,2025-06-14 14:50:00,2024-01-17 14:09:00,33,32021.44,86,6,Electronics,Credit Card,United States,17,970.35,531,16.1
CUST_1658,2025-06-30 13:55:00,2024-02-02 13:37:00,32,10092.69,63,5,Home & Kitchen,Credit Card,United States,1,315.4,515,16.6
CUST_1659,2025-06-08 20:29:00,2024-02-05 20:53:00,25,9415.49,64,6,Apparel,Credit Card,Germany,23,376.62,512,20.4
CUST_1660,2025-06-27 11:01:00,2024-01-10 09:45:00,31,11699.88,93,6,Beauty & Personal Care,Credit Card,United Kingdom,4,377.42,538,17.8
CUST_1661,2025-06-08 10:37:00,2024-01-09 08:42:00,32,14610.52,105,5,Home & Kitchen,Credit Card,United States,23,456.58,539,16.6
CUST_1662,2025-06-02 14:13:00,2024-01-10 16:18:00,29,16828.22,64,6,Home & Kitchen,Credit Card,Australia,29,580.28,538,18.2
CUST_1663,2025-06-29 19:20:00,2024-01-21 14:35:00,32,23367.82,83,6,Apparel,Credit Card,Germany,2,730.24,527,16.9
CUST_1664,2025-04-29 16:02:00,2024-01-02 15:04:00,30,11837.14,89,6,Apparel,Credit Card,United States,63,394.57,546,16.7
CUST_1665,2025-06-23 08:44:00,2024-01-11 14:12:00,27,16092.38,73,6,Beauty & Personal Care,Credit Card,United States,8,596.01,537,20.3
CUST_1666,2024-06-26 21:45:00,2024-01-02 19:32:00,33,20442.08,71,6,Home & Kitchen,Credit Card,United States,370,619.46,546,5.5
CUST_1667,2025-05-29 21:17:00,2024-01-21 10:05:00,30,14904.99,82,6,Apparel,Credit Card,United States,33,496.83,527,17.0
CUST_1668,2025-06-23 18:21:00,2024-01-01 18:21:00,29,18959.25,72,6,Apparel,Credit Card,United States,8,653.77,547,19.2
CUST_1669,2025-06-30 10:54:00,2024-01-05 08:18:00,25,7805.74,73,6,Apparel,Credit Card,United States,1,312.23,543,22.6
CUST_1670,2025-06-28 20:12:00,2024-01-08 18:01:00,23,15978.08,59,6,Home & Kitchen,Credit Card,United States,3,694.7,540,24.4
CUST_1671,2025-06-24 15:46:00,2024-01-26 12:02:00,29,19398.53,86,6,Electronics,Credit Card,United States,7,668.91,522,18.4
CUST_1672,2025-06-13 10:07:00,2024-01-02 16:32:00,36,26439.25,125,6,Apparel,Credit Card,India,18,734.42,546,15.1
CUST_1673,2025-06-29 18:39:00,2024-01-04 12:38:00,29,14578.82,75,6,Home & Kitchen,Credit Card,United States,2,502.72,544,19.4
CUST_1674,2024-06-22 13:22:00,2024-01-10 18:45:00,31,16814.08,92,6,Apparel,Credit Card,United Kingdom,374,542.39,538,5.5
CUST_1675,2025-06-23 14:33:00,2024-01-25 17:53:00,33,11758.82,75,6,Apparel,Credit Card,United Kingdom,8,356.33,523,16.1
CUST_1676,2025-05-28 10:48:00,2024-01-18 22:25:00,38,27932.97,98,6,Electronics,Credit Card,Australia,34,735.08,530,13.4
CUST_1677,2025-06-12 20:01:00,2024-01-01 21:51:00,37,20823.78,100,6,Electronics,Credit Card,United States,19,562.8,547,14.7
CUST_1678,2025-06-05 17:38:00,2024-01-06 16:44:00,30,16125.26,66,6,Apparel,Credit Card,United States,26,537.51,542,17.8
CUST_1679,2025-06-09 14:24:00,2024-01-29 09:21:00,39,25934.56,107,6,Apparel,Credit Card,Australia,22,664.99,519,13.1
CUST_1680,2025-06-18 21:42:00,2024-01-22 21:36:00,34,19680.71,85,6,Electronics,Credit Card,India,13,578.84,526,15.5
CUST_1681,2025-06-20 10:28:00,2024-01-02 12:07:00,47,28616.39,115,6,Home & Kitchen,PayPal,Canada,11,608.86,546,11.6
CUST_1682,2025-06-11 10:51:00,2024-01-02 19:10:00,32,21830.99,81,6,Apparel,Credit Card,United States,20,682.22,546,17.0
CUST_1683,2025-06-23 15:38:00,2024-01-07 12:51:00,28,26917.0,106,5,Apparel,Credit Card,United States,8,961.32,541,19.7
CUST_1684,2025-06-27 15:06:00,2024-01-03 09:02:00,33,17655.41,91,6,Apparel,Credit Card,Germany,4,535.01,545,16.9
CUST_1685,2025-06-21 20:49:00,2024-01-17 18:34:00,40,20634.82,105,6,Home & Kitchen,Credit Card,India,10,515.87,531,13.4
CUST_1686,2024-06-28 17:12:00,2024-01-04 21:21:00,26,7512.98,74,6,Home & Kitchen,Credit Card,United Kingdom,368,288.96,544,7.0
CUST_1687,2024-06-27 08:43:00,2024-01-01 20:42:00,33,18311.3,90,6,Apparel,Credit Card,United Kingdom,369,554.89,547,5.6
CUST_1688,2025-06-05 21:36:00,2024-01-15 22:34:00,27,16480.16,78,6,Beauty & Personal Care,Debit Card,United States,26,610.38,533,19.5
CUST_1689,2025-06-14 08:00:00,2024-01-01 16:35:00,38,13426.99,104,6,Apparel,Credit Card,Canada,17,353.34,547,14.3
CUST_1690,2025-06-22 22:25:00,2024-01-24 15:46:00,34,19098.96,73,6,Electronics,Credit Card,United States,9,561.73,524,15.6
CUST_1691,2025-06-26 17:24:00,2024-02-02 13:01:00,33,21545.25,92,6,Apparel,Credit Card,United States,5,652.89,515,15.9
CUST_1692,2024-06-26 13:35:00,2024-01-15 10:00:00,33,12489.72,79,6,Apparel,Credit Card,United Kingdom,370,378.48,533,5.1
CUST_1693,2025-06-06 09:27:00,2024-01-14 12:09:00,33,20654.78,92,5,Apparel,Credit Card,United Kingdom,25,625.9,534,15.9
CUST_1694,2025-06-23 10:05:00,2024-01-07 14:06:00,35,22054.74,101,6,Apparel,Credit Card,United States,8,630.14,541,15.7
CUST_1695,2025-06-17 16:16:00,2024-01-07 13:25:00,32,23005.61,89,6,Apparel,Credit Card,United States,14,718.93,541,17.0
CUST_1696,2025-06-27 20:10:00,2024-01-12 13:02:00,35,12962.18,107,6,Books,Credit Card,Germany,4,370.35,536,15.6
CUST_1697,2025-06-13 21:49:00,2024-01-06 20:13:00,33,12181.15,84,6,Electronics,Credit Card,United States,18,369.13,542,16.4
CUST_1698,2024-06-26 15:05:00,2024-01-11 14:32:00,37,25323.32,96,6,Apparel,Credit Card,United Kingdom,370,684.41,537,4.6
CUST_1699,2025-06-25 19:30:00,2024-02-18 18:01:00,29,13615.23,70,6,Home & Kitchen,Credit Card,United States,6,469.49,499,17.6
CUST_1700,2025-06-14 08:09:00,2024-01-03 16:52:00,33,15729.4,86,6,Apparel,Credit Card,United Kingdom,17,476.65,545,16.5
CUST_1701,2024-06-28 22:21:00,2024-01-07 13:28:00,29,27727.12,92,6,Electronics,Credit Card,United Kingdom,368,956.11,541,6.2
CUST_1702,2025-06-29 22:39:00,2024-01-11 17:37:00,33,24974.66,105,6,Apparel,Credit Card,United States,2,756.81,537,16.7
CUST_1703,2025-06-27 16:10:00,2024-01-03 14:59:00,39,12211.38,92,6,Home & Kitchen,Credit Card,United States,4,313.11,545,14.2
CUST_1704,2025-05-21 10:33:00,2024-01-12 15:29:00,28,26384.69,103,6,Home & Kitchen,Credit Card,United States,41,942.31,536,18.3
CUST_1705,2025-06-17 20:51:00,2024-01-11 12:42:00,32,14380.2,73,6,Apparel,Credit Card,United States,14,449.38,537,16.9
CUST_1706,2024-06-13 18:24:00,2024-01-10 09:24:00,29,12495.2,71,6,Home & Kitchen,Credit Card,Australia,383,430.87,538,5.5
CUST_1707,2025-06-27 19:44:00,2024-01-03 16:25:00,26,14345.61,60,6,Home & Kitchen,Credit Card,United States,4,551.75,545,21.6
CUST_1708,2024-06-22 18:56:00,2024-01-06 13:45:00,32,16776.18,65,6,Apparel,Credit Card,Canada,374,524.26,542,5.4
CUST_1709,2025-06-15 22:18:00,2024-01-08 21:30:00,36,20793.41,85,6,Electronics,Credit Card,United States,16,577.59,540,15.0
CUST_1710,2024-06-29 19:39:00,2024-01-10 10:18:00,28,17528.13,80,6,Home & Kitchen,Credit Card,Germany,367,626.0,538,6.3
CUST_1711,2025-06-23 15:36:00,2024-01-03 13:36:00,33,19714.5,70,6,Electronics,Credit Card,Canada,8,597.41,545,16.8
CUST_1712,2025-06-22 16:14:00,2024-01-12 14:05:00,45,18460.82,129,6,Home & Kitchen,Credit Card,United Kingdom,9,410.24,536,12.0
CUST_1713,2025-05-09 20:47:00,2024-01-11 11:20:00,29,18799.76,104,6,Home & Kitchen,Credit Card,United Kingdom,53,648.27,537,17.3
CUST_1714,2024-06-15 09:08:00,2024-01-27 12:58:00,23,9125.31,55,6,Beauty & Personal Care,Credit Card,United Kingdom,381,396.75,521,6.4
CUST_1715,2025-06-21 14:32:00,2024-01-18 12:59:00,23,4848.24,50,6,Apparel,Credit Card,United States,10,210.79,530,23.6
CUST_1716,2025-06-12 19:50:00,2024-01-19 21:49:00,38,12806.84,115,6,Apparel,Credit Card,India,19,337.02,529,13.8
CUST_1717,2025-06-11 15:09:00,2024-01-21 18:20:00,35,22171.73,81,6,Apparel,Credit Card,Canada,20,633.48,527,14.9
CUST_1718,2025-06-27 17:13:00,2024-01-07 10:45:00,40,15529.51,108,6,Home & Kitchen,Credit Card,Australia,4,388.24,541,13.8
CUST_1719,2024-06-27 08:18:00,2024-01-13 13:25:00,28,15464.67,67,6,Electronics,Credit Card,United States,369,552.31,535,6.1
CUST_1720,2025-06-26 13:34:00,2024-01-16 18:27:00,26,30047.87,69,6,Electronics,Credit Card,Germany,5,1155.69,532,21.1
CUST_1721,2025-05-06 13:07:00,2024-01-01 22:51:00,37,13598.24,101,6,Apparel,Credit Card,India,56,367.52,547,13.6
CUST_1722,2025-06-08 20:43:00,2024-01-08 17:42:00,30,11451.01,70,6,Home & Kitchen,Credit Card,United States,23,381.7,540,17.8
CUST_1723,2025-06-19 21:13:00,2024-01-20 12:26:00,26,30479.54,111,6,Apparel,Credit Card,United States,12,1172.29,528,20.6
CUST_1724,2025-06-30 14:43:00,2024-03-02 12:25:00,29,16023.27,71,6,Apparel,Credit Card,Germany,1,552.53,486,17.3
CUST_1725,2025-05-30 20:53:00,2024-02-02 15:35:00,26,23817.1,80,6,Apparel,Credit Card,United Kingdom,32,916.04,515,19.3
CUST_1726,2025-06-18 22:00:00,2024-01-19 14:16:00,34,17398.41,94,6,Apparel,Credit Card,Canada,13,511.72,529,15.6
CUST_1727,2025-06-02 22:58:00,2024-01-25 11:31:00,38,15860.37,105,6,Apparel,Credit Card,United States,28,417.38,523,13.4
CUST_1728,2025-04-11 22:57:00,2024-01-17 20:19:00,24,16484.64,67,5,Electronics,PayPal,Canada,80,686.86,531,19.6
CUST_1729,2025-06-24 12:46:00,2024-01-18 16:34:00,27,13620.44,74,5,Apparel,Credit Card,United States,7,504.46,530,20.1
CUST_1730,2025-06-25 15:02:00,2024-01-14 20:54:00,36,21994.91,103,6,Apparel,Credit Card,United States,6,610.97,534,15.1
CUST_1731,2025-06-19 22:54:00,2024-01-06 08:41:00,38,19345.11,91,6,Apparel,Credit Card,United States,12,509.08,542,14.3
CUST_1732,2025-06-28 18:29:00,2024-01-03 14:20:00,45,36001.34,148,6,Home & Kitchen,Credit Card,Canada,3,800.03,545,12.3
CUST_1733,2024-06-27 08:41:00,2024-01-01 18:36:00,29,14141.61,75,6,Home & Kitchen,Credit Card,Germany,369,487.64,547,6.4
CUST_1734,2024-06-28 14:42:00,2024-01-01 12:53:00,40,23155.68,111,6,Apparel,Credit Card,United Kingdom,368,578.89,547,4.6
CUST_1735,2025-06-16 09:49:00,2024-02-10 20:34:00,36,12747.4,102,6,Beauty & Personal Care,Credit Card,United States,15,354.09,507,14.1
CUST_1736,2025-06-28 10:25:00,2024-01-21 14:46:00,35,23576.22,95,6,Electronics,Credit Card,India,3,673.61,527,15.4
CUST_1737,2024-06-12 21:45:00,2024-01-04 10:33:00,36,16726.63,87,6,Apparel,Credit Card,United States,384,464.63,544,4.6
CUST_1738,2025-06-30 11:33:00,2024-01-07 19:47:00,46,41616.21,119,6,Electronics,Credit Card,Canada,1,904.7,541,12.0
CUST_1739,2025-06-13 12:00:00,2024-01-11 22:23:00,39,32721.51,134,6,Electronics,Credit Card,United Kingdom,18,839.01,537,13.7
CUST_1740,2025-06-24 19:29:00,2024-02-02 17:11:00,33,15260.62,93,6,Home & Kitchen,Credit Card,United States,7,462.44,515,15.9
CUST_1741,2025-06-04 17:05:00,2024-01-10 17:50:00,42,20369.03,113,6,Apparel,Credit Card,United Kingdom,27,484.98,538,12.5
CUST_1742,2025-06-17 21:40:00,2024-01-22 13:54:00,41,34078.49,120,6,Apparel,Credit Card,United States,14,831.18,526,12.8
CUST_1743,2025-05-24 18:36:00,2024-02-17 13:04:00,32,19597.42,89,6,Apparel,Credit Card,Germany,38,612.42,500,14.9
CUST_1744,2024-06-28 18:44:00,2024-01-05 10:47:00,29,15714.62,97,6,Apparel,PayPal,United Kingdom,368,541.88,543,6.2
CUST_1745,2024-06-26 10:46:00,2024-01-08 11:33:00,29,19131.75,80,6,Apparel,Credit Card,United States,370,659.72,540,6.1
CUST_1746,2025-06-25 18:04:00,2024-01-30 08:58:00,34,26450.2,90,6,Apparel,Credit Card,India,6,777.95,518,15.5
CUST_1747,2025-06-03 20:46:00,2024-01-13 19:40:00,23,11901.62,90,4,Home & Kitchen,Credit Card,United States,28,517.46,535,23.0
CUST_1748,2025-06-27 08:39:00,2024-01-03 14:34:00,36,20706.09,104,6,Beauty & Personal Care,Credit Card,United Kingdom,4,575.17,545,15.5
CUST_1749,2025-06-28 08:58:00,2024-01-31 16:14:00,29,16354.12,81,6,Apparel,Credit Card,India,3,563.94,517,18.4
CUST_1750,2025-06-16 16:10:00,2024-01-22 19:23:00,21,7492.9,52,6,Apparel,Credit Card,Germany,15,356.8,526,25.6
CUST_1751,2025-06-25 21:05:00,2024-01-09 21:09:00,40,24263.26,145,6,Apparel,Credit Card,United States,6,606.58,539,13.7
CUST_1752,2024-06-19 13:48:00,2024-01-06 22:38:00,22,18282.69,61,6,Apparel,Credit Card,India,377,831.03,542,7.9
CUST_1753,2025-06-08 11:31:00,2024-01-12 09:07:00,29,19418.79,71,6,Electronics,Credit Card,Germany,23,669.61,536,18.3
CUST_1754,2025-06-10 09:49:00,2024-01-20 21:29:00,26,12458.3,67,6,Home & Kitchen,Credit Card,United States,21,479.17,528,20.3
CUST_1755,2024-06-18 16:50:00,2024-01-19 14:30:00,29,13929.9,68,6,Apparel,Credit Card,United States,378,480.34,529,5.4
CUST_1756,2025-06-12 14:00:00,2024-01-07 17:16:00,31,12848.96,79,6,Apparel,Credit Card,Canada,19,414.48,541,17.4
CUST_1757,2025-06-26 16:54:00,2024-01-14 10:46:00,29,19739.03,78,6,Home & Kitchen,Credit Card,Germany,5,680.66,534,18.9
CUST_1758,2025-06-22 21:10:00,2024-01-23 20:46:00,27,13509.5,69,6,Home & Kitchen,Credit Card,United Kingdom,9,500.35,525,19.8
CUST_1759,2025-06-16 14:03:00,2024-01-14 08:00:00,32,19451.02,83,6,Apparel,Credit Card,India,15,607.84,534,16.7
CUST_1760,2025-06-25 16:34:00,2024-01-19 11:50:00,35,20087.26,91,6,Apparel,Credit Card,Canada,6,573.92,529,15.4
CUST_1761,2025-06-12 15:46:00,2024-01-03 21:59:00,33,11517.34,78,6,Sports & Outdoors,Credit Card,United States,19,349.01,545,16.4
CUST_1762,2025-06-13 08:25:00,2024-01-01 10:52:00,37,19743.86,90,6,Apparel,Credit Card,United States,18,533.62,547,14.7
CUST_1763,2024-06-25 09:03:00,2024-01-26 19:02:00,29,20331.29,71,6,Home & Kitchen,Credit Card,United States,371,701.08,522,5.4
CUST_1764,2025-06-23 19:53:00,2024-01-10 18:54:00,41,21776.78,105,6,Apparel,Credit Card,Germany,8,531.14,538,13.2
CUST_1765,2025-05-31 16:56:00,2024-01-04 22:41:00,35,15112.79,97,6,Home & Kitchen,Credit Card,United States,31,431.79,544,15.1
CUST_1766,2025-06-18 21:47:00,2024-01-19 18:32:00,30,12593.08,81,6,Apparel,Credit Card,United Kingdom,13,419.77,529,17.8
CUST_1767,2025-06-25 15:45:00,2024-01-11 12:54:00,31,8376.09,86,6,Apparel,Credit Card,Canada,6,270.2,537,17.7
CUST_1768,2025-06-05 16:17:00,2024-01-31 18:11:00,38,16492.96,95,6,Apparel,Credit Card,India,26,434.03,517,13.3
CUST_1769,2025-06-24 08:39:00,2024-01-02 11:01:00,32,18851.9,81,6,Apparel,Credit Card,United States,7,589.12,546,17.4
CUST_1770,2025-06-09 15:12:00,2024-01-06 11:41:00,36,22108.72,90,6,Home & Kitchen,Credit Card,Canada,22,614.13,542,14.9
CUST_1771,2025-06-20 17:21:00,2024-01-07 18:24:00,31,11998.71,90,6,Apparel,PayPal,United States,11,387.06,541,17.7
CUST_1772,2025-06-12 12:59:00,2024-02-11 17:58:00,26,14192.4,84,6,Apparel,Credit Card,Canada,19,545.86,506,19.5
CUST_1773,2025-06-29 14:53:00,2024-01-03 11:58:00,33,15433.52,93,6,Apparel,Credit Card,United States,2,467.68,545,17.0
CUST_1774,2025-06-08 21:30:00,2024-01-06 15:08:00,30,22481.99,79,6,Electronics,Credit Card,United States,23,749.4,542,17.9
CUST_1775,2024-06-08 13:22:00,2024-01-12 13:30:00,27,13364.2,72,6,Electronics,Credit Card,Canada,388,494.97,536,5.7
CUST_1776,2025-06-09 16:47:00,2024-01-12 19:48:00,33,15854.32,72,6,Apparel,Credit Card,United States,22,480.43,536,16.1
CUST_1777,2025-06-04 12:48:00,2024-01-11 13:51:00,50,27860.74,132,6,Home & Kitchen,Credit Card,United States,27,557.21,537,10.4
CUST_1778,2025-06-02 20:16:00,2024-02-29 17:54:00,37,19711.19,95,6,Electronics,Credit Card,Germany,29,532.73,488,12.8
CUST_1779,2025-06-24 12:16:00,2024-01-09 17:53:00,31,26234.28,99,5,Beauty & Personal Care,Credit Card,Germany,7,846.27,539,17.7
CUST_1780,2025-06-17 18:40:00,2024-01-02 18:52:00,33,24492.88,120,6,Home & Kitchen,Credit Card,Germany,14,742.21,546,16.6
CUST_1781,2025-03-17 13:55:00,2024-01-02 15:40:00,34,28637.27,91,6,Electronics,Credit Card,Germany,106,842.27,546,13.3
CUST_1782,2025-06-26 12:26:00,2024-02-21 10:56:00,31,20181.76,89,6,Apparel,Credit Card,United Kingdom,5,651.02,496,16.4
CUST_1783,2025-06-02 19:46:00,2024-01-05 12:06:00,33,13769.73,93,6,Home & Kitchen,Credit Card,United States,29,417.26,543,16.1
CUST_1784,2025-06-22 14:06:00,2024-02-26 13:35:00,20,19145.2,65,6,Electronics,Credit Card,United States,9,957.26,491,25.4
CUST_1785,2025-06-30 22:21:00,2024-02-11 17:37:00,34,12690.25,90,6,Apparel,Credit Card,United States,1,373.24,506,15.3
CUST_1786,2025-06-25 14:44:00,2024-01-05 08:34:00,40,21537.26,92,6,Electronics,Credit Card,India,6,538.43,543,13.8
CUST_1787,2024-06-28 14:28:00,2024-01-17 13:13:00,27,21946.12,74,6,Home & Kitchen,Credit Card,United Kingdom,368,812.82,531,6.3
CUST_1788,2025-06-03 15:08:00,2024-01-04 18:37:00,32,15925.22,85,6,Home & Kitchen,Credit Card,United Kingdom,28,497.66,544,16.6
CUST_1789,2025-06-29 22:33:00,2024-01-13 22:32:00,39,23879.54,104,6,Apparel,Credit Card,United Kingdom,2,612.3,535,14.0
CUST_1790,2025-06-15 09:14:00,2024-01-03 19:00:00,32,19163.91,85,6,Electronics,Credit Card,India,16,598.87,545,17.1
CUST_1791,2025-06-18 13:04:00,2024-01-22 11:00:00,26,10494.26,71,6,Home & Kitchen,Credit Card,United States,13,403.63,526,20.5
CUST_1792,2025-06-11 10:59:00,2024-01-05 20:09:00,24,15614.32,64,6,Electronics,Credit Card,United Kingdom,20,650.6,543,22.7
CUST_1793,2025-06-16 11:35:00,2024-01-06 11:05:00,27,9927.5,62,6,Apparel,Credit Card,United Kingdom,15,367.69,542,20.3
CUST_1794,2025-05-25 11:43:00,2024-02-07 13:08:00,33,15976.49,98,6,Apparel,Credit Card,Germany,37,484.14,510,14.8
CUST_1795,2025-06-10 17:18:00,2024-01-06 15:21:00,29,20902.22,124,6,Apparel,Credit Card,United States,21,720.77,542,18.6
CUST_1796,2025-06-24 10:59:00,2024-01-05 14:50:00,37,25328.08,115,6,Apparel,Credit Card,India,7,684.54,543,14.9
CUST_1797,2025-06-07 19:44:00,2024-01-11 16:50:00,40,17675.15,113,6,Apparel,Credit Card,India,24,441.88,537,13.2
CUST_1798,2025-05-28 08:08:00,2024-02-18 15:53:00,37,41217.6,124,6,Apparel,Credit Card,United Kingdom,34,1113.99,499,12.9
CUST_1799,2025-06-04 17:53:00,2024-01-07 15:53:00,25,15594.03,64,6,Home & Kitchen,Credit Card,Germany,27,623.76,541,21.4
CUST_1800,2025-06-27 11:34:00,2024-01-24 18:15:00,33,18478.41,73,6,Apparel,Credit Card,India,4,559.95,524,16.2
CUST_1801,2025-06-21 09:36:00,2024-01-25 18:47:00,30,28400.96,73,6,Electronics,Credit Card,Germany,10,946.7,523,17.7
CUST_1802,2025-06-23 22:20:00,2024-01-26 20:43:00,39,21957.42,108,6,Home & Kitchen,Credit Card,United States,8,563.01,522,13.5
CUST_1803,2025-05-23 17:58:00,2024-01-09 14:15:00,33,17250.44,83,6,Home & Kitchen,Credit Card,United Kingdom,39,522.74,539,15.6
CUST_1804,2025-06-21 12:22:00,2024-01-24 15:13:00,25,19055.08,60,6,Electronics,PayPal,Germany,10,762.2,524,21.4
CUST_1805,2024-06-26 15:28:00,2024-01-08 08:53:00,29,12629.93,78,6,Home & Kitchen,Credit Card,United Kingdom,370,435.51,540,6.1
CUST_1806,2025-06-18 21:07:00,2024-01-05 08:52:00,34,16533.72,86,6,Electronics,Credit Card,Germany,13,486.29,543,16.1
CUST_1807,2025-06-10 10:38:00,2024-02-24 17:26:00,27,18328.8,94,6,Apparel,Credit Card,India,21,678.84,493,18.2
CUST_1808,2025-05-27 17:31:00,2024-01-19 20:05:00,41,27415.48,111,6,Electronics,Credit Card,India,35,668.67,529,12.4
CUST_1809,2025-06-25 15:40:00,2024-01-16 11:01:00,38,18392.7,106,6,Apparel,Credit Card,United Kingdom,6,484.02,532,14.2
CUST_1810,2025-06-23 22:50:00,2024-01-10 16:54:00,30,22206.02,66,6,Electronics,Credit Card,United States,8,740.2,538,18.3
CUST_1811,2025-06-30 22:23:00,2024-01-20 16:48:00,30,15825.3,93,6,Beauty & Personal Care,Credit Card,Australia,1,527.51,528,18.2
CUST_1812,2024-06-27 22:11:00,2024-01-11 17:12:00,44,21219.35,115,6,Apparel,Credit Card,Canada,369,482.26,537,3.9
CUST_1813,2025-06-14 13:35:00,2024-01-07 20:43:00,34,20730.58,87,6,Apparel,Credit Card,United States,17,609.72,541,15.9
CUST_1814,2025-06-14 18:54:00,2024-01-02 08:03:00,37,17224.33,108,6,Apparel,Credit Card,India,17,465.52,546,14.7
CUST_1815,2024-06-26 09:44:00,2024-01-05 22:20:00,31,20554.5,80,6,Home & Kitchen,Credit Card,India,370,663.05,543,5.8
CUST_1816,2025-06-30 19:27:00,2024-02-18 18:31:00,36,23244.29,92,6,Electronics,Credit Card,United Kingdom,1,645.67,499,14.2
CUST_1817,2025-06-27 13:06:00,2024-01-24 18:25:00,32,24164.73,95,6,Apparel,Credit Card,United Kingdom,4,755.15,524,16.8
CUST_1818,2025-06-27 18:22:00,2024-01-16 17:11:00,30,8229.94,72,6,Apparel,Credit Card,United States,4,274.33,532,18.2
CUST_1819,2025-06-25 14:26:00,2024-01-04 17:33:00,30,12623.71,64,6,Electronics,Credit Card,United States,6,420.79,544,18.6
CUST_1820,2025-06-09 09:20:00,2024-01-05 20:58:00,32,15791.58,77,6,Apparel,Credit Card,United States,22,493.49,543,16.8
CUST_1821,2024-06-26 18:27:00,2024-01-06 18:23:00,38,17273.08,109,6,Apparel,Credit Card,Canada,370,454.55,542,4.6
CUST_1822,2025-06-19 11:53:00,2024-01-03 12:22:00,30,16071.65,83,6,Apparel,Credit Card,United States,12,535.72,545,18.4
CUST_1823,2025-06-26 10:46:00,2024-02-10 19:14:00,33,14411.61,84,6,Apparel,Credit Card,United States,5,436.72,507,15.7
CUST_1824,2025-06-16 11:59:00,2024-01-19 10:25:00,29,17687.7,74,6,Apparel,Credit Card,United States,15,609.92,529,18.4
CUST_1825,2025-06-25 15:33:00,2024-01-01 12:46:00,36,23331.45,102,6,Apparel,Credit Card,United Kingdom,6,648.1,547,15.5
CUST_1826,2024-06-29 16:12:00,2024-01-06 11:26:00,34,15128.22,87,6,Apparel,Credit Card,India,367,444.95,542,5.3
CUST_1827,2025-06-29 10:12:00,2024-01-20 11:14:00,25,9524.25,65,6,Apparel,Credit Card,United States,2,380.97,528,21.9
CUST_1828,2025-06-11 16:21:00,2024-01-06 22:19:00,46,56332.89,158,6,Electronics,Credit Card,United States,20,1224.63,542,11.6
CUST_1829,2025-06-20 19:17:00,2024-01-04 14:22:00,28,10191.94,90,6,Apparel,Credit Card,Germany,11,364.0,544,19.7
CUST_1830,2025-06-20 20:03:00,2024-01-03 20:07:00,32,49988.11,152,5,Apparel,Credit Card,United Kingdom,11,1562.13,545,17.2
CUST_1831,2025-06-20 08:41:00,2024-01-02 17:07:00,41,22550.89,108,6,Beauty & Personal Care,Credit Card,United States,11,550.02,546,13.4
CUST_1832,2025-06-22 20:01:00,2024-01-26 21:42:00,36,15893.06,124,6,Apparel,PayPal,United Kingdom,9,441.47,522,14.7
CUST_1833,2025-06-06 08:45:00,2024-01-03 10:55:00,30,19005.05,70,6,Apparel,Credit Card,United States,25,633.5,545,17.9
CUST_1834,2025-06-21 22:00:00,2024-02-03 08:17:00,26,14826.48,61,6,Electronics,Credit Card,United States,10,570.25,514,20.2
CUST_1835,2025-06-19 12:05:00,2024-01-05 09:43:00,33,27299.4,83,6,Electronics,Credit Card,United Kingdom,12,827.25,543,16.6
CUST_1836,2025-06-10 09:07:00,2024-01-16 16:35:00,36,17477.5,96,6,Apparel,PayPal,United Kingdom,21,485.49,532,14.6
CUST_1837,2025-05-27 10:48:00,2024-01-23 10:23:00,36,18936.81,98,6,Apparel,Credit Card,India,35,526.02,525,14.0
CUST_1838,2025-06-24 09:52:00,2024-01-24 12:07:00,38,22678.51,102,6,Apparel,Credit Card,United States,7,596.8,524,14.0
CUST_1839,2025-05-28 14:06:00,2024-01-10 19:30:00,34,11688.99,80,6,Apparel,Credit Card,United Kingdom,34,343.79,538,15.3
CUST_1840,2025-06-14 16:01:00,2024-01-25 11:34:00,29,19990.03,70,6,Apparel,Credit Card,Germany,17,689.31,523,18.1
CUST_1841,2025-06-28 12:52:00,2024-01-07 09:21:00,35,26098.08,94,6,Electronics,Credit Card,United States,3,745.66,541,15.8
CUST_1842,2025-06-29 11:06:00,2024-01-13 10:22:00,24,18085.92,98,6,Apparel,Credit Card,Germany,2,753.58,535,23.2
CUST_1843,2025-06-21 10:12:00,2024-01-07 21:56:00,33,32524.79,111,6,Electronics,Credit Card,United States,10,985.6,541,16.6
CUST_1844,2025-06-19 13:51:00,2024-02-04 19:04:00,29,11138.61,74,6,Beauty & Personal Care,Credit Card,Australia,12,384.09,513,17.9
CUST_1845,2024-06-27 21:14:00,2024-01-03 22:24:00,33,12793.34,75,6,Electronics,UPI,United States,369,387.68,545,5.5
CUST_1846,2025-05-27 19:26:00,2024-02-02 19:09:00,40,28333.1,104,6,Electronics,Credit Card,United Kingdom,35,708.33,515,12.3
CUST_1847,2025-06-14 13:04:00,2024-04-09 18:49:00,20,10942.03,49,6,Books,PayPal,United States,17,547.1,448,22.7
CUST_1848,2025-06-18 13:20:00,2024-01-09 22:38:00,26,15805.46,77,5,Apparel,Credit Card,Australia,13,607.9,539,21.0
CUST_1849,2025-05-20 19:15:00,2024-01-04 17:24:00,33,13898.43,112,6,Beauty & Personal Care,Credit Card,United Kingdom,42,421.16,544,15.7
CUST_1850,2025-05-18 16:18:00,2024-01-20 17:18:00,28,38939.38,102,5,Electronics,Credit Card,United Kingdom,44,1390.69,528,17.9
CUST_1851,2025-06-17 13:50:00,2024-01-24 20:18:00,31,19927.8,83,6,Apparel,Credit Card,United States,14,642.83,524,17.0
CUST_1852,2024-06-29 08:09:00,2024-01-02 13:55:00,33,20952.44,104,6,Apparel,Credit Card,Germany,367,634.92,546,5.6
CUST_1853,2025-06-13 17:01:00,2024-01-20 19:29:00,18,11673.23,39,6,Electronics,Credit Card,United States,18,648.51,528,30.0
CUST_1854,2024-06-28 16:10:00,2024-01-01 19:51:00,29,7251.5,77,6,Beauty & Personal Care,Credit Card,India,368,250.05,547,6.4
CUST_1855,2025-06-22 21:54:00,2024-01-07 09:11:00,30,10002.33,90,6,Beauty & Personal Care,Credit Card,United States,9,333.41,541,18.3
CUST_1856,2025-06-21 15:41:00,2024-01-04 08:18:00,25,12014.22,74,6,Beauty & Personal Care,PayPal,United States,10,480.57,544,22.2
CUST_1857,2024-06-26 18:35:00,2024-01-13 15:10:00,34,25850.15,93,6,Electronics,Credit Card,United States,370,760.3,535,5.0
CUST_1858,2025-06-29 09:43:00,2024-01-19 18:06:00,27,20729.88,108,6,Apparel,Credit Card,United Kingdom,2,767.77,529,20.3
CUST_1859,2025-06-30 18:15:00,2024-01-16 20:45:00,40,15871.23,98,6,Apparel,Credit Card,United Kingdom,1,396.78,532,13.6
CUST_1860,2025-06-12 18:53:00,2024-01-20 11:17:00,24,10619.07,76,6,Beauty & Personal Care,Credit Card,United States,19,442.46,528,22.1
CUST_1861,2025-05-17 15:50:00,2024-01-16 13:01:00,21,15933.82,66,6,Apparel,Credit Card,Canada,45,758.75,532,24.4
CUST_1862,2025-06-22 08:50:00,2024-01-09 21:20:00,22,5615.42,64,5,Apparel,Credit Card,United Kingdom,9,255.25,539,25.2
CUST_1863,2025-06-22 09:47:00,2024-03-14 12:26:00,31,19266.17,87,6,Apparel,Credit Card,United Kingdom,9,621.49,474,15.5
CUST_1864,2025-06-30 15:03:00,2024-01-12 08:03:00,30,20017.17,81,6,Apparel,Credit Card,United Kingdom,1,667.24,536,18.4
CUST_1865,2025-05-31 09:38:00,2024-01-02 08:43:00,33,19968.27,91,6,Apparel,Credit Card,United Kingdom,31,605.1,546,16.1
CUST_1866,2025-06-21 10:32:00,2024-01-07 20:38:00,44,40183.72,133,6,Electronics,Credit Card,United Kingdom,10,913.27,541,12.3
CUST_1867,2025-05-28 19:26:00,2024-01-01 11:19:00,36,24550.76,105,6,Apparel,Credit Card,United States,34,681.97,547,14.7
CUST_1868,2025-06-13 19:53:00,2024-01-26 16:45:00,33,25662.88,96,6,Home & Kitchen,Credit Card,United States,18,777.66,522,15.8
CUST_1869,2025-06-22 11:21:00,2024-01-11 22:23:00,30,12054.05,88,6,Apparel,Credit Card,India,9,401.8,537,18.2
CUST_1870,2025-05-14 21:25:00,2024-01-12 14:04:00,39,18774.38,106,6,Apparel,Credit Card,India,48,481.39,536,12.8
CUST_1871,2025-06-29 22:54:00,2024-01-05 15:48:00,32,15245.18,88,6,Apparel,Credit Card,United States,2,476.41,543,17.5
CUST_1872,2025-04-28 13:19:00,2024-01-18 20:36:00,35,27901.04,87,5,Electronics,Credit Card,United States,64,797.17,530,13.7
CUST_1873,2025-05-06 18:57:00,2024-02-05 22:12:00,29,11857.49,77,6,Home & Kitchen,Credit Card,Germany,56,408.88,512,16.3
CUST_1874,2025-06-14 12:33:00,2024-01-06 09:03:00,48,20869.38,123,6,Apparel,Credit Card,United Kingdom,17,434.78,542,11.2
CUST_1875,2025-05-19 09:16:00,2024-02-08 16:30:00,30,11770.24,81,6,Beauty & Personal Care,Credit Card,United States,43,392.34,509,16.1
CUST_1876,2025-06-28 11:43:00,2024-01-10 08:46:00,33,18806.64,80,6,Electronics,Credit Card,United States,3,569.9,538,16.7
CUST_1877,2025-06-10 18:26:00,2024-01-09 22:43:00,39,16333.11,99,6,Apparel,Credit Card,Germany,21,418.8,539,13.6
CUST_1878,2025-06-18 16:23:00,2024-01-19 10:08:00,43,19242.13,122,6,Apparel,Credit Card,Germany,13,447.49,529,12.3
CUST_1879,2025-06-13 15:49:00,2024-01-01 08:52:00,30,10951.51,81,6,Apparel,Credit Card,United States,18,365.05,547,18.2
CUST_1880,2025-06-23 14:06:00,2024-01-09 14:30:00,47,19591.26,127,6,Beauty & Personal Care,Credit Card,United States,8,416.84,539,11.5
CUST_1881,2025-05-25 22:57:00,2024-01-25 12:56:00,33,13428.06,72,6,Apparel,Credit Card,United States,36,406.91,523,15.2
CUST_1882,2024-06-26 17:37:00,2024-01-01 20:11:00,25,13208.55,64,6,Apparel,Credit Card,Germany,370,528.34,547,7.4
CUST_1883,2024-06-13 21:34:00,2024-01-01 16:36:00,34,16246.43,80,6,Apparel,Credit Card,United States,383,477.84,547,5.0
CUST_1884,2025-06-20 18:58:00,2024-01-02 19:06:00,35,15210.83,88,6,Home & Kitchen,Credit Card,United States,11,434.6,546,15.7
CUST_1885,2025-06-04 09:16:00,2024-01-18 18:13:00,26,14254.4,79,5,Apparel,Credit Card,Canada,27,548.25,530,20.1
CUST_1886,2025-06-30 08:02:00,2024-01-05 16:55:00,29,13186.5,75,6,Apparel,PayPal,United States,1,454.71,543,19.4
CUST_1887,2025-06-09 13:26:00,2024-01-13 08:13:00,28,17189.54,80,6,Apparel,Credit Card,Germany,22,613.91,535,19.0
CUST_1888,2025-06-09 13:14:00,2024-01-14 21:55:00,39,22519.09,98,6,Electronics,Credit Card,United States,22,577.41,534,13.5
CUST_1889,2025-06-25 20:50:00,2024-01-04 22:38:00,26,16909.9,66,6,Apparel,Credit Card,United States,6,650.38,544,21.5
CUST_1890,2025-06-15 16:56:00,2024-01-26 18:55:00,40,14880.06,99,6,Apparel,PayPal,United States,16,372.0,522,13.0
CUST_1891,2025-06-24 10:34:00,2024-01-14 14:12:00,43,20448.92,111,6,Electronics,Credit Card,Germany,7,475.56,534,12.5
CUST_1892,2025-06-24 08:44:00,2024-01-26 17:24:00,30,15185.95,71,6,Home & Kitchen,Credit Card,India,7,506.2,522,17.8
CUST_1893,2025-06-23 09:04:00,2024-01-30 09:08:00,39,21832.39,109,6,Apparel,Credit Card,Canada,8,559.8,518,13.4
CUST_1894,2025-06-08 14:59:00,2024-02-15 15:51:00,33,14157.49,88,6,Home & Kitchen,Credit Card,United States,23,429.01,502,15.0
CUST_1895,2024-06-22 21:48:00,2024-01-17 09:16:00,36,22660.66,93,6,Apparel,Credit Card,Germany,374,629.46,531,4.5
CUST_1896,2025-06-18 12:43:00,2024-01-27 11:03:00,28,15515.95,71,6,Apparel,Debit Card,United States,13,554.14,521,18.8
CUST_1897,2025-06-18 21:10:00,2024-01-14 18:52:00,32,12185.53,64,6,Apparel,PayPal,United States,13,380.8,534,16.8
CUST_1898,2025-06-19 18:43:00,2024-01-21 10:01:00,30,29942.26,103,6,Apparel,Credit Card,India,12,998.08,527,17.8
CUST_1899,2025-06-23 08:17:00,2024-01-16 22:19:00,32,12764.75,80,6,Apparel,Credit Card,United States,8,398.9,532,16.9
CUST_1900,2025-06-20 16:39:00,2024-01-09 21:37:00,37,28068.13,88,6,Electronics,Credit Card,United States,11,758.6,539,14.7
CUST_1901,2025-06-19 18:24:00,2024-01-02 20:09:00,32,28608.44,106,6,Electronics,Credit Card,United States,12,894.01,546,17.2
CUST_1902,2025-06-28 12:40:00,2024-01-03 22:44:00,39,36539.07,118,6,Home & Kitchen,Credit Card,United States,3,936.9,545,14.3
CUST_1903,2025-06-20 14:01:00,2024-01-21 16:43:00,31,16543.83,77,6,Apparel,Credit Card,United States,11,533.67,527,17.2
CUST_1904,2025-06-27 19:17:00,2024-02-10 17:57:00,32,19747.5,76,6,Apparel,Credit Card,United Kingdom,4,617.11,507,16.2
CUST_1905,2025-06-22 18:44:00,2024-02-29 10:40:00,28,11556.09,77,6,Apparel,Credit Card,United Kingdom,9,412.72,488,17.7
CUST_1906,2025-06-18 18:39:00,2024-02-11 14:22:00,39,13677.39,113,6,Beauty & Personal Care,Credit Card,India,13,350.7,506,13.0
CUST_1907,2025-06-08 17:05:00,2024-01-27 16:42:00,28,14073.66,65,5,Apparel,Credit Card,Canada,23,502.63,521,18.4
CUST_1908,2025-06-10 20:52:00,2024-01-23 10:46:00,34,17817.48,94,6,Electronics,Credit Card,United States,21,524.04,525,15.3
CUST_1909,2024-06-27 15:13:00,2024-01-18 17:29:00,30,12521.19,79,6,Beauty & Personal Care,Credit Card,United States,369,417.37,530,5.6
CUST_1910,2025-06-18 13:14:00,2024-01-04 08:50:00,34,18278.89,87,6,Apparel,Credit Card,United States,13,537.61,544,16.1
CUST_1911,2025-06-24 22:49:00,2024-03-05 11:29:00,39,18838.39,96,6,Apparel,Credit Card,United Kingdom,7,483.04,483,12.5
CUST_1912,2025-06-25 14:02:00,2024-01-04 15:04:00,36,23859.71,95,6,Apparel,Credit Card,United States,6,662.77,544,15.4
CUST_1913,2025-06-04 15:16:00,2024-02-04 12:18:00,30,13738.11,82,6,Apparel,Credit Card,Germany,27,457.94,513,16.8
CUST_1914,2025-06-30 12:07:00,2024-01-20 22:31:00,30,20377.15,124,6,Home & Kitchen,Credit Card,United Kingdom,1,679.24,528,18.2
CUST_1915,2025-06-21 09:40:00,2024-01-13 16:08:00,32,16882.86,74,6,Home & Kitchen,Credit Card,United Kingdom,10,527.59,535,16.9
CUST_1916,2024-06-20 14:18:00,2024-01-03 10:19:00,36,17631.48,110,6,Apparel,Credit Card,United Kingdom,376,489.76,545,4.8
CUST_1917,2025-06-05 21:08:00,2024-01-13 20:51:00,43,24920.49,108,6,Electronics,Credit Card,United States,26,579.55,535,12.1
CUST_1918,2025-06-14 14:16:00,2024-01-08 12:35:00,25,18875.57,88,6,Beauty & Personal Care,Credit Card,India,17,755.02,540,21.8
CUST_1919,2025-06-14 11:05:00,2024-01-02 22:18:00,29,31224.38,105,6,Electronics,Credit Card,Canada,17,1076.7,546,18.9
CUST_1920,2025-06-24 13:32:00,2024-02-06 12:14:00,42,17946.54,115,6,Apparel,Credit Card,United States,7,427.3,511,12.3
CUST_1921,2025-06-13 10:46:00,2024-04-02 21:41:00,29,13496.59,77,6,Home & Kitchen,Credit Card,India,18,465.4,455,15.6
CUST_1922,2025-05-27 19:13:00,2024-01-15 17:19:00,41,41725.16,139,6,Electronics,Credit Card,United Kingdom,35,1017.69,533,12.4
CUST_1923,2025-06-29 20:47:00,2024-01-09 20:56:00,31,17161.17,100,6,Beauty & Personal Care,Credit Card,India,2,553.59,539,17.9
CUST_1924,2025-06-20 21:20:00,2024-01-25 19:56:00,30,15466.89,68,6,Apparel,Credit Card,Canada,11,515.56,523,17.7
CUST_1925,2025-06-23 19:00:00,2024-02-12 22:09:00,29,17667.87,84,6,Home & Kitchen,Credit Card,United Kingdom,8,609.24,505,17.8
CUST_1926,2024-06-26 17:33:00,2024-01-11 08:52:00,29,21274.89,74,5,Electronics,Credit Card,United States,370,733.62,537,6.0
CUST_1927,2025-06-11 14:14:00,2024-03-03 09:40:00,27,12304.58,83,6,Apparel,Credit Card,United States,20,455.73,485,17.9
CUST_1928,2024-06-21 19:03:00,2024-01-02 14:14:00,27,22090.13,75,6,Home & Kitchen,Credit Card,United Kingdom,375,818.15,546,6.6
CUST_1929,2025-06-16 09:00:00,2024-01-22 11:16:00,35,18226.79,100,6,Apparel,Credit Card,Germany,15,520.77,526,15.0
CUST_1930,2024-06-26 13:17:00,2024-01-26 15:59:00,30,15875.94,81,6,Apparel,Credit Card,United States,370,529.2,522,5.2
CUST_1931,2025-06-25 18:57:00,2024-01-13 21:36:00,29,15572.04,70,6,Home & Kitchen,PayPal,United States,6,536.97,535,18.9
CUST_1932,2025-06-26 15:13:00,2024-01-24 20:19:00,31,17068.03,80,6,Home & Kitchen,Credit Card,Canada,5,550.58,524,17.3
CUST_1933,2024-06-29 13:49:00,2024-01-07 16:25:00,31,22616.71,83,6,Apparel,Credit Card,Australia,367,729.57,541,5.8
CUST_1934,2025-06-16 17:33:00,2024-01-03 10:29:00,38,21623.92,89,6,Electronics,Credit Card,United Kingdom,15,569.05,545,14.3
CUST_1935,2024-06-28 12:42:00,2024-01-05 13:12:00,32,10835.26,81,6,Apparel,Credit Card,United States,368,338.6,543,5.6
CUST_1936,2025-06-28 20:36:00,2024-01-08 10:48:00,39,17801.16,91,6,Apparel,Credit Card,United States,3,456.44,540,14.1
CUST_1937,2025-06-25 18:43:00,2024-01-05 22:04:00,27,11677.27,76,6,Home & Kitchen,Credit Card,United States,6,432.49,543,20.7
CUST_1938,2025-06-13 13:01:00,2024-01-25 08:28:00,27,8665.59,79,6,Beauty & Personal Care,Credit Card,India,18,320.95,523,19.4
CUST_1939,2025-05-21 14:47:00,2024-01-30 22:00:00,31,12759.15,82,6,Beauty & Personal Care,Credit Card,United States,41,411.59,518,15.9
CUST_1940,2025-06-20 12:13:00,2024-01-02 19:59:00,34,24691.01,89,6,Apparel,Credit Card,United Kingdom,11,726.21,546,16.2
CUST_1941,2025-06-30 08:07:00,2024-01-21 14:00:00,22,13575.68,52,6,Electronics,Credit Card,United States,1,617.08,527,25.0
CUST_1942,2025-06-26 10:44:00,2024-01-15 15:01:00,40,18895.18,95,6,Electronics,Credit Card,United Kingdom,5,472.38,533,13.5
CUST_1943,2025-06-22 10:18:00,2024-01-03 16:06:00,45,29734.72,121,6,Apparel,Credit Card,Germany,9,660.77,545,12.2
CUST_1944,2025-06-21 12:23:00,2024-01-05 20:33:00,24,14453.05,60,6,Home & Kitchen,Credit Card,Canada,10,602.21,543,23.2
CUST_1945,2025-06-13 18:50:00,2024-03-01 21:33:00,30,21359.97,83,6,Apparel,Credit Card,United States,18,712.0,487,16.2
CUST_1946,2025-06-23 16:58:00,2024-01-24 08:22:00,31,17444.6,78,6,Home & Kitchen,Credit Card,United States,8,562.73,524,17.2
CUST_1947,2025-06-06 21:25:00,2024-01-14 18:39:00,31,16772.28,65,6,Home & Kitchen,Credit Card,United States,25,541.04,534,17.0
CUST_1948,2025-06-30 18:07:00,2024-01-29 11:18:00,33,15399.16,84,6,Apparel,Credit Card,India,1,466.64,519,16.2
CUST_1949,2025-06-08 21:08:00,2024-01-24 18:40:00,39,48062.62,132,6,Apparel,Credit Card,India,23,1232.37,524,13.2
CUST_1950,2025-06-18 20:55:00,2024-01-19 19:01:00,34,18192.53,92,6,Beauty & Personal Care,Credit Card,United Kingdom,13,535.07,529,15.6
CUST_1951,2025-06-12 19:01:00,2024-01-23 08:06:00,40,19301.13,106,6,Apparel,PayPal,Germany,19,482.53,525,13.0
CUST_1952,2024-06-16 13:16:00,2024-01-01 12:14:00,34,13254.49,89,6,Apparel,Credit Card,Germany,380,389.84,547,5.1
CUST_1953,2025-06-19 12:46:00,2024-01-08 21:18:00,42,23449.72,113,6,Apparel,Credit Card,United States,12,558.33,540,12.9
CUST_1954,2025-06-12 17:08:00,2024-01-13 09:59:00,24,14276.35,63,5,Home & Kitchen,Credit Card,India,19,594.85,535,22.4
CUST_1955,2025-06-23 18:35:00,2024-01-02 21:04:00,41,28043.42,104,6,Apparel,Credit Card,United Kingdom,8,683.99,546,13.4
CUST_1956,2025-06-23 14:50:00,2024-01-04 09:32:00,41,22943.15,94,6,Home & Kitchen,Credit Card,United States,8,559.59,544,13.4
CUST_1957,2025-06-09 14:43:00,2024-01-12 11:40:00,32,15637.7,93,6,Apparel,Credit Card,United Kingdom,22,488.68,536,16.6
CUST_1958,2025-05-01 21:58:00,2024-01-22 18:26:00,27,11849.1,63,6,Home & Kitchen,Credit Card,United States,61,438.86,526,17.9
CUST_1959,2025-06-25 12:35:00,2024-01-12 16:13:00,29,15991.54,75,6,Apparel,Credit Card,United States,6,551.43,536,18.9
CUST_1960,2025-05-26 14:36:00,2024-01-26 09:49:00,26,14337.34,78,6,Apparel,Credit Card,Germany,36,551.44,522,19.4
CUST_1961,2024-06-18 17:28:00,2024-01-04 19:09:00,36,18857.19,89,6,Home & Kitchen,Credit Card,United States,378,523.81,544,4.7
CUST_1962,2024-06-26 19:13:00,2024-01-08 09:35:00,25,9363.5,69,6,Apparel,Credit Card,Germany,370,374.54,540,7.1
CUST_1963,2025-06-05 11:25:00,2024-02-05 19:00:00,33,15726.61,96,6,Apparel,PayPal,United States,26,476.56,512,15.2
CUST_1964,2025-06-15 18:28:00,2024-01-19 14:29:00,33,18757.19,86,6,Apparel,Credit Card,United States,16,568.4,529,16.0
CUST_1965,2025-06-06 16:16:00,2024-01-05 22:32:00,31,15589.26,74,6,Apparel,Credit Card,United States,25,502.88,543,17.3
CUST_1966,2025-05-19 15:13:00,2024-01-15 21:51:00,33,15326.21,85,6,Home & Kitchen,Credit Card,United States,43,464.43,533,15.3
CUST_1967,2025-06-10 14:57:00,2024-01-04 08:08:00,30,18443.04,80,6,Home & Kitchen,Credit Card,Germany,21,614.77,544,18.0
CUST_1968,2025-05-25 13:48:00,2024-01-20 09:48:00,24,35458.34,107,6,Beauty & Personal Care,Credit Card,United States,37,1477.43,528,21.3
CUST_1969,2025-06-09 14:12:00,2024-01-06 14:30:00,33,18212.99,97,6,Apparel,Credit Card,United Kingdom,22,551.91,542,16.2
CUST_1970,2025-06-06 19:30:00,2024-01-24 14:01:00,40,32399.1,103,5,Apparel,Credit Card,United Kingdom,25,809.98,524,12.8
CUST_1971,2025-05-07 10:20:00,2024-01-02 15:55:00,44,19864.9,101,6,Apparel,Credit Card,Germany,55,451.48,546,11.4
CUST_1972,2024-06-21 09:51:00,2024-01-10 18:08:00,32,21017.46,80,5,Apparel,Credit Card,India,375,656.8,538,5.3
CUST_1973,2024-06-23 11:17:00,2024-01-04 22:16:00,35,22264.77,88,6,Apparel,Credit Card,Germany,373,636.14,544,5.0
CUST_1974,2025-06-22 14:22:00,2024-01-01 13:04:00,34,25062.02,87,6,Electronics,Credit Card,United States,9,737.12,547,16.3
CUST_1975,2025-06-30 10:21:00,2024-01-06 17:02:00,31,16999.99,66,6,Electronics,Credit Card,United States,1,548.39,542,18.0
CUST_1976,2024-06-24 15:42:00,2024-01-10 13:01:00,25,10622.06,69,6,Home & Kitchen,Credit Card,United States,372,424.88,538,6.9
CUST_1977,2025-06-30 09:16:00,2024-02-21 11:10:00,27,24186.88,82,6,Electronics,Credit Card,United Kingdom,1,895.81,496,19.0
CUST_1978,2025-06-19 16:03:00,2024-01-03 11:19:00,36,17026.54,82,6,Electronics,Credit Card,United States,12,472.96,545,15.2
CUST_1979,2025-06-08 22:45:00,2024-01-02 09:55:00,41,24041.86,109,6,Apparel,Credit Card,United Kingdom,23,586.39,546,13.1
CUST_1980,2025-06-15 11:09:00,2024-01-03 13:36:00,22,10264.94,67,6,Home & Kitchen,Credit Card,United Kingdom,16,466.59,545,25.2
CUST_1981,2025-06-10 16:21:00,2024-01-28 13:35:00,35,19849.03,91,5,Apparel,Credit Card,United States,21,567.12,520,14.7
CUST_1982,2024-06-27 22:23:00,2024-01-03 21:19:00,38,23463.88,94,6,Electronics,Credit Card,Canada,369,617.47,545,4.8
CUST_1983,2024-06-10 13:01:00,2024-01-02 19:03:00,34,14121.15,89,6,Apparel,Credit Card,United States,386,415.33,546,4.8
CUST_1984,2025-06-02 22:42:00,2024-01-01 15:07:00,30,15239.46,85,6,Apparel,Credit Card,United States,29,507.98,547,17.9
CUST_1985,2025-06-16 12:16:00,2024-01-12 19:45:00,39,18775.6,114,6,Apparel,Credit Card,Germany,15,481.43,536,13.7
CUST_1986,2024-06-28 18:24:00,2024-01-02 13:30:00,33,13403.63,84,6,Home & Kitchen,Credit Card,United Kingdom,368,406.17,546,5.6
CUST_1987,2025-05-19 08:14:00,2024-01-10 08:04:00,33,16931.18,83,6,Home & Kitchen,Credit Card,Germany,43,513.07,538,15.5
CUST_1988,2024-06-29 16:11:00,2024-01-03 12:54:00,28,10126.53,78,6,Beauty & Personal Care,Credit Card,United Kingdom,367,361.66,545,6.6
CUST_1989,2025-06-26 20:44:00,2024-01-09 19:57:00,36,21837.99,94,6,Apparel,Credit Card,United States,5,606.61,539,15.3
CUST_1990,2025-06-07 11:43:00,2024-01-10 13:12:00,36,17452.04,98,5,Apparel,Credit Card,Canada,24,484.78,538,14.7
CUST_1991,2025-06-12 19:07:00,2024-01-04 18:01:00,46,25225.46,130,6,Apparel,Credit Card,Canada,19,548.38,544,11.7
CUST_1992,2025-06-12 08:12:00,2024-01-24 11:35:00,27,16030.16,73,6,Apparel,Credit Card,Germany,19,593.71,524,19.4
CUST_1993,2025-06-30 14:02:00,2024-01-19 15:46:00,33,14940.51,88,6,Home & Kitchen,Credit Card,United States,1,452.74,529,16.5
CUST_1994,2025-05-25 21:27:00,2024-02-13 08:44:00,36,17512.54,90,6,Apparel,Credit Card,United Kingdom,37,486.46,504,13.3
CUST_1995,2025-06-03 11:09:00,2024-01-25 09:53:00,40,27585.04,106,6,Apparel,Credit Card,United States,28,689.63,523,12.7
CUST_1996,2025-06-26 21:35:00,2024-02-06 17:02:00,35,16723.63,84,6,Apparel,Credit Card,United States,5,477.82,511,14.9
CUST_1997,2025-06-12 08:30:00,2024-01-27 12:22:00,30,14239.78,62,6,Electronics,Credit Card,India,19,474.66,521,17.3
CUST_1998,2024-06-11 13:01:00,2024-01-04 16:03:00,30,13573.57,68,6,Sports & Outdoors,Credit Card,United States,385,452.45,544,5.5
CUST_1999,2024-06-24 09:22:00,2024-01-02 16:49:00,34,13916.21,101,6,Apparel,Credit Card,Australia,372,409.3,546,5.3
CUST_2000,2025-05-04 20:13:00,2024-01-25 19:46:00,32,22947.42,86,6,Electronics,Credit Card,United Kingdom,58,717.11,523,15.0
CUST_2001,2025-06-26 22:06:00,2024-01-13 08:25:00,29,19156.02,82,6,Apparel,Credit Card,United States,5,660.55,535,18.9
CUST_2002,2025-06-24 17:28:00,2024-02-08 08:45:00,31,21773.5,70,6,Electronics,Credit Card,United Kingdom,7,702.37,509,16.7
CUST_2003,2025-06-24 09:28:00,2024-01-16 22:20:00,39,15929.54,109,6,Apparel,Credit Card,India,7,408.45,532,13.8
CUST_2004,2024-06-28 20:38:00,2024-01-04 22:47:00,40,19692.67,99,6,Home & Kitchen,Credit Card,Germany,368,492.32,544,4.5
CUST_2005,2025-06-30 13:44:00,2024-01-11 17:17:00,31,13804.57,74,6,Home & Kitchen,Credit Card,Canada,1,445.31,537,17.9
CUST_2006,2025-06-28 13:50:00,2024-03-01 20:56:00,36,18060.16,81,6,Electronics,Credit Card,Germany,3,501.67,487,13.8
CUST_2007,2024-06-26 08:10:00,2024-01-05 17:56:00,35,18443.79,96,6,Apparel,Credit Card,Germany,370,526.97,543,5.1
CUST_2008,2025-06-27 16:59:00,2024-01-05 10:32:00,32,19371.13,67,6,Electronics,Credit Card,Canada,4,605.35,543,17.4
CUST_2009,2025-06-11 14:16:00,2024-01-02 09:15:00,35,16168.37,97,6,Apparel,Credit Card,United States,20,461.95,546,15.5
CUST_2010,2024-06-27 12:27:00,2024-01-08 19:41:00,38,18091.06,103,6,Home & Kitchen,Credit Card,United Kingdom,369,476.08,540,4.6
CUST_2011,2025-06-22 12:22:00,2024-01-05 10:13:00,42,32891.57,133,6,Apparel,Credit Card,United States,9,783.13,543,13.0
CUST_2012,2024-06-19 17:17:00,2024-01-04 22:10:00,38,23993.7,92,6,Electronics,Credit Card,Australia,377,631.41,544,4.5
CUST_2013,2025-06-16 08:52:00,2024-01-19 18:30:00,30,14160.53,75,6,Home & Kitchen,PayPal,India,15,472.02,529,17.7
CUST_2014,2025-06-17 15:38:00,2024-01-25 15:57:00,34,22037.49,88,6,Apparel,Credit Card,United States,14,648.16,523,15.4
CUST_2015,2025-06-01 14:38:00,2024-01-07 11:54:00,44,32899.0,117,6,Electronics,Credit Card,Germany,30,747.7,541,11.9
CUST_2016,2024-06-17 21:04:00,2024-01-14 10:12:00,26,20397.84,59,6,Electronics,Credit Card,India,379,784.53,534,6.2
CUST_2017,2025-06-17 16:35:00,2024-01-16 22:49:00,48,44575.82,193,6,Apparel,Credit Card,United States,14,928.66,532,11.0
CUST_2018,2025-06-20 21:23:00,2024-01-01 19:36:00,34,23631.24,103,6,Apparel,Credit Card,United Kingdom,11,695.04,547,16.2
CUST_2019,2025-06-29 10:52:00,2024-01-07 10:53:00,36,17966.92,105,6,Apparel,Credit Card,India,2,499.08,541,15.4
CUST_2020,2025-06-25 12:40:00,2024-01-03 09:35:00,32,16220.11,83,5,Apparel,Credit Card,United States,6,506.88,545,17.4
CUST_2021,2025-04-17 10:05:00,2024-01-29 17:48:00,30,17247.84,81,6,Home & Kitchen,Credit Card,Germany,75,574.93,519,15.3
CUST_2022,2025-06-25 14:19:00,2024-01-06 17:56:00,25,9049.67,67,6,Home & Kitchen,Credit Card,United States,6,361.99,542,22.3
CUST_2023,2025-06-03 12:09:00,2024-01-10 22:00:00,34,14856.31,87,6,Apparel,Credit Card,India,28,436.95,538,15.5
CUST_2024,2025-06-23 13:46:00,2024-01-01 15:54:00,42,22967.54,124,6,Apparel,Credit Card,Australia,8,546.85,547,13.1
CUST_2025,2025-05-29 20:11:00,2024-01-14 20:43:00,25,13517.66,59,5,Apparel,Credit Card,India,33,540.71,534,20.9
CUST_2026,2025-06-11 13:12:00,2024-01-01 22:30:00,37,20988.35,94,6,Home & Kitchen,PayPal,United Kingdom,20,567.25,547,14.6
CUST_2027,2025-06-11 17:12:00,2024-02-28 09:21:00,26,13879.03,74,6,Apparel,Credit Card,India,20,533.81,489,18.8
CUST_2028,2024-06-27 16:42:00,2024-01-01 17:38:00,38,18019.13,109,6,Apparel,Credit Card,Canada,369,474.19,547,4.8
CUST_2029,2025-06-28 22:36:00,2024-01-05 17:32:00,49,62546.6,173,6,Electronics,Credit Card,United States,3,1276.46,543,11.2
CUST_2030,2024-06-26 15:52:00,2024-01-06 15:14:00,36,17401.77,88,6,Apparel,Credit Card,Canada,370,483.38,542,4.9
CUST_2031,2025-05-15 12:34:00,2024-02-27 21:52:00,28,7279.78,71,6,Apparel,PayPal,United States,47,259.99,490,16.4
CUST_2032,2025-06-24 09:01:00,2024-01-18 18:08:00,48,26333.92,138,6,Apparel,Credit Card,United Kingdom,7,548.62,530,11.1
CUST_2033,2025-06-04 21:34:00,2024-01-20 19:00:00,30,16056.38,75,6,Apparel,Credit Card,United States,27,535.21,528,17.3
CUST_2034,2025-06-09 14:19:00,2024-01-03 11:41:00,34,27767.36,128,6,Apparel,Credit Card,United States,22,816.69,545,15.8
CUST_2035,2025-06-26 15:11:00,2024-01-12 15:37:00,42,39949.58,122,6,Electronics,PayPal,United States,5,951.18,536,13.0
CUST_2036,2025-06-18 16:08:00,2024-01-03 13:02:00,35,18413.09,80,6,Apparel,Credit Card,Germany,13,526.09,545,15.6
CUST_2037,2025-06-07 17:26:00,2024-01-19 13:47:00,37,21944.45,87,6,Electronics,Credit Card,United States,24,593.09,529,14.0
CUST_2038,2025-06-12 11:00:00,2024-01-05 13:57:00,25,10658.46,67,6,Books,Credit Card,Germany,19,426.34,543,21.8
CUST_2039,2025-06-19 16:08:00,2024-01-24 11:52:00,36,15534.82,97,6,Apparel,PayPal,United States,12,431.52,524,14.6
CUST_2040,2025-06-15 10:54:00,2024-02-12 12:35:00,28,12862.52,84,6,Apparel,Credit Card,United States,16,459.38,505,18.1
CUST_2041,2025-06-03 14:21:00,2024-01-24 21:48:00,34,33612.14,92,6,Electronics,Credit Card,United Kingdom,28,988.59,524,15.0
CUST_2042,2025-06-20 15:45:00,2024-01-02 15:50:00,36,18485.74,102,6,Beauty & Personal Care,Credit Card,Canada,11,513.49,546,15.3
CUST_2043,2025-06-07 09:01:00,2024-01-12 09:11:00,27,14255.28,69,6,Home & Kitchen,Credit Card,United States,24,527.97,536,19.7
CUST_2044,2025-06-29 15:45:00,2024-01-11 12:02:00,32,17007.56,75,6,Home & Kitchen,Credit Card,Germany,2,531.49,537,17.3
CUST_2045,2025-06-27 10:17:00,2024-01-31 20:26:00,38,48870.28,156,6,Home & Kitchen,Credit Card,India,4,1286.06,517,13.9
CUST_2046,2025-05-15 16:00:00,2024-01-04 09:49:00,33,11473.1,62,6,Apparel,Credit Card,Germany,47,347.67,544,15.5
CUST_2047,2025-05-27 09:56:00,2024-01-27 21:49:00,33,31835.27,123,6,Apparel,Credit Card,United States,35,964.71,521,15.2
CUST_2048,2025-06-30 18:58:00,2024-02-06 22:09:00,25,17124.74,62,5,Apparel,Credit Card,United States,1,684.99,511,21.2
CUST_2049,2025-06-26 13:13:00,2024-01-17 09:25:00,31,14509.6,75,6,Apparel,PayPal,India,5,468.05,531,17.5
CUST_2050,2025-06-30 22:55:00,2024-01-21 19:07:00,43,54282.45,135,5,Electronics,Credit Card,United States,1,1262.38,527,12.5
CUST_2051,2025-06-23 15:37:00,2024-02-05 11:02:00,34,12004.96,84,6,Home & Kitchen,Credit Card,India,8,353.09,512,15.3
CUST_2052,2025-05-21 22:31:00,2024-01-23 17:05:00,36,24075.26,109,6,Home & Kitchen,Credit Card,United Kingdom,41,668.76,525,13.8
CUST_2053,2025-06-21 15:26:00,2024-01-18 13:47:00,22,15910.28,58,5,Apparel,Credit Card,India,10,723.19,530,24.8
CUST_2054,2024-06-18 21:57:00,2024-01-03 10:55:00,31,15474.6,83,6,Apparel,Credit Card,Canada,378,499.18,545,5.6
CUST_2055,2025-06-27 17:09:00,2024-02-01 08:34:00,25,24922.97,89,6,Apparel,Credit Card,Australia,4,996.92,516,21.3
CUST_2056,2024-06-29 19:13:00,2024-01-10 15:33:00,31,20649.76,78,6,Apparel,Credit Card,United States,367,666.12,538,5.7
CUST_2057,2025-05-13 12:19:00,2024-01-23 16:28:00,33,19847.4,80,6,Electronics,Credit Card,Canada,49,601.44,525,14.9
CUST_2058,2025-06-30 14:26:00,2024-02-01 15:15:00,33,17112.17,89,6,Apparel,Credit Card,United Kingdom,1,518.55,516,16.1
CUST_2059,2025-06-22 18:40:00,2024-01-31 13:32:00,39,32670.88,131,6,Apparel,Credit Card,United Kingdom,9,837.71,517,13.4
CUST_2060,2025-06-26 08:03:00,2024-02-14 22:46:00,27,15226.91,69,6,Electronics,Credit Card,Germany,5,563.96,503,19.2
CUST_2061,2025-06-24 14:26:00,2024-03-11 08:15:00,35,12979.17,91,6,Beauty & Personal Care,Credit Card,India,7,370.83,477,13.8
CUST_2062,2025-06-19 12:40:00,2024-01-30 21:37:00,31,10783.0,89,6,Home & Kitchen,Credit Card,Australia,12,347.84,518,16.9
CUST_2063,2025-06-17 16:54:00,2024-01-19 11:15:00,27,37120.61,82,6,Home & Kitchen,Credit Card,Canada,14,1374.84,529,19.8
CUST_2064,2025-06-27 21:17:00,2024-01-24 13:41:00,32,33580.66,120,6,Electronics,Credit Card,United Kingdom,4,1049.4,524,16.8
CUST_2065,2025-06-29 19:01:00,2024-01-27 15:29:00,27,12246.02,61,6,Home & Kitchen,Credit Card,United Kingdom,2,453.56,521,20.0
CUST_2066,2025-06-27 22:59:00,2024-01-07 14:13:00,25,14118.05,66,6,Electronics,Credit Card,Germany,3,564.72,541,22.4
CUST_2067,2025-06-17 12:06:00,2024-01-14 19:32:00,36,19585.71,87,5,Apparel,Credit Card,United States,14,544.05,534,14.9
CUST_2068,2025-06-28 10:52:00,2024-01-09 19:21:00,45,17012.46,115,6,Apparel,Credit Card,United States,3,378.05,539,12.2
CUST_2069,2025-06-24 11:36:00,2024-01-04 11:10:00,35,16558.3,99,6,Beauty & Personal Care,Credit Card,United States,7,473.09,544,15.8
CUST_2070,2024-06-24 11:15:00,2024-01-02 14:57:00,37,18032.77,84,6,Electronics,Credit Card,United States,372,487.37,546,4.8
CUST_2071,2025-06-20 17:51:00,2024-01-27 18:07:00,29,10290.15,65,6,Home & Kitchen,Credit Card,United States,11,354.83,521,18.2
CUST_2072,2024-06-24 19:38:00,2024-01-02 12:10:00,40,18604.77,117,6,Apparel,Credit Card,United States,372,465.12,546,4.5
CUST_2073,2025-05-31 12:15:00,2024-01-10 13:25:00,36,17771.48,78,6,Apparel,Credit Card,United States,31,493.65,538,14.5
CUST_2074,2025-06-08 08:11:00,2024-01-15 10:25:00,44,25967.99,126,6,Apparel,Credit Card,United States,23,590.18,533,11.9
CUST_2075,2025-06-24 17:00:00,2024-01-05 17:05:00,29,13606.87,83,6,Electronics,Credit Card,Australia,7,469.2,543,19.1
CUST_2076,2025-06-30 13:47:00,2024-01-07 12:58:00,29,22040.07,81,6,Apparel,Credit Card,United Kingdom,1,760.0,541,19.3
CUST_2077,2024-06-25 20:55:00,2024-01-14 20:22:00,37,18481.82,96,6,Apparel,Credit Card,United States,371,499.51,534,4.5
CUST_2078,2025-06-24 10:12:00,2024-01-15 08:57:00,36,18462.11,88,6,Apparel,Credit Card,Germany,7,512.84,533,15.0
CUST_2079,2025-06-27 14:32:00,2024-01-14 11:52:00,42,17303.17,117,6,Apparel,Debit Card,United States,4,411.98,534,12.9
CUST_2080,2025-06-28 16:25:00,2024-01-05 16:46:00,36,14099.77,100,6,Apparel,Credit Card,India,3,391.66,543,15.4
CUST_2081,2025-06-30 18:46:00,2024-03-05 10:32:00,36,16885.79,94,6,Apparel,PayPal,Canada,1,469.05,483,13.8
CUST_2082,2024-06-29 21:29:00,2024-01-02 15:46:00,31,23634.86,77,6,Apparel,Credit Card,United States,367,762.41,546,6.0
CUST_2083,2025-06-27 20:08:00,2024-01-23 15:49:00,27,7754.41,77,6,Apparel,Credit Card,United Kingdom,4,287.2,525,20.0
CUST_2084,2025-06-07 17:19:00,2024-01-13 15:35:00,32,18237.84,76,6,Electronics,Credit Card,India,24,569.93,535,16.5
CUST_2085,2025-04-28 08:21:00,2024-02-09 18:49:00,34,17322.46,95,6,Home & Kitchen,Credit Card,India,64,509.48,508,13.5
CUST_2086,2025-06-14 08:22:00,2024-01-02 11:53:00,43,25214.99,117,6,Home & Kitchen,Credit Card,United Kingdom,17,586.4,546,12.6
CUST_2087,2025-06-05 20:26:00,2024-01-07 10:51:00,29,25982.27,97,6,Apparel,Credit Card,Germany,26,895.94,541,18.4
CUST_2088,2025-06-29 22:42:00,2024-01-20 20:10:00,28,13001.67,77,6,Apparel,Credit Card,United States,2,464.35,528,19.5
CUST_2089,2025-06-26 10:54:00,2024-01-05 09:07:00,35,18317.07,93,6,Apparel,PayPal,Australia,5,523.34,543,15.8
CUST_2090,2025-06-19 10:13:00,2024-01-10 17:34:00,23,17755.57,59,6,Electronics,Credit Card,United States,12,771.98,538,23.9
CUST_2091,2025-06-28 17:36:00,2024-01-16 17:59:00,32,16789.82,79,6,Apparel,Credit Card,India,3,524.68,532,17.1
CUST_2092,2025-06-29 22:18:00,2024-01-23 18:04:00,33,21521.61,79,6,Home & Kitchen,Credit Card,Germany,2,652.17,525,16.3
CUST_2093,2025-06-13 18:24:00,2024-01-08 18:04:00,29,17714.21,78,6,Sports & Outdoors,Credit Card,Germany,18,610.83,540,18.6
CUST_2094,2025-06-10 20:18:00,2024-01-07 22:49:00,37,18071.29,111,6,Home & Kitchen,Credit Card,United Kingdom,21,488.41,541,14.4
CUST_2095,2025-05-26 13:04:00,2024-01-10 21:15:00,32,12837.74,84,6,Books,Credit Card,United States,36,401.18,538,16.2
CUST_2096,2025-06-25 15:36:00,2024-02-04 18:20:00,33,21767.02,84,6,Apparel,Credit Card,United States,6,659.61,513,15.8
CUST_2097,2025-06-05 19:30:00,2024-01-08 12:44:00,38,27550.03,102,6,Apparel,Credit Card,United States,26,725.0,540,13.9
CUST_2098,2025-06-20 21:10:00,2024-01-14 12:33:00,29,10913.95,72,6,Apparel,Credit Card,United States,11,376.34,534,18.7
CUST_2099,2025-06-23 16:27:00,2024-01-02 11:30:00,32,14010.98,82,6,Apparel,Credit Card,Canada,8,437.84,546,17.4
CUST_2100,2025-05-23 13:28:00,2024-03-05 08:59:00,30,17752.54,70,6,Apparel,Credit Card,United States,39,591.75,483,15.3
CUST_2101,2025-06-22 16:06:00,2024-01-16 12:34:00,40,15000.83,115,6,Home & Kitchen,Credit Card,United States,9,375.02,532,13.4
CUST_2102,2025-06-20 13:29:00,2024-01-14 12:59:00,39,23727.17,130,6,Home & Kitchen,Credit Card,Australia,11,608.39,534,13.8
CUST_2103,2025-06-22 13:08:00,2024-01-23 17:55:00,35,19299.61,99,6,Apparel,Credit Card,India,9,551.42,525,15.2
CUST_2104,2025-06-26 19:48:00,2024-01-07 20:35:00,42,29702.52,114,6,Apparel,Credit Card,India,5,707.2,541,13.1
CUST_2105,2025-06-28 10:11:00,2024-01-04 17:41:00,38,47260.28,133,6,Electronics,Credit Card,Australia,3,1243.69,544,14.6
CUST_2106,2025-05-31 17:04:00,2024-01-14 16:24:00,27,13354.6,69,6,Apparel,Debit Card,United States,31,494.61,534,19.3
CUST_2107,2025-06-30 22:26:00,2024-01-04 11:28:00,46,51973.12,154,6,Electronics,Credit Card,United States,1,1129.85,544,12.1
CUST_2108,2025-06-14 22:21:00,2024-01-16 22:53:00,34,14191.2,87,6,Apparel,Credit Card,Canada,17,417.39,532,15.6
CUST_2109,2025-06-16 20:27:00,2024-01-01 09:04:00,28,12161.13,78,6,Home & Kitchen,Credit Card,Germany,15,434.33,547,19.7
CUST_2110,2025-05-29 09:19:00,2024-01-20 19:16:00,18,8544.52,78,5,Beauty & Personal Care,Credit Card,United States,33,474.7,528,29.1
CUST_2111,2025-06-30 19:02:00,2024-02-12 20:46:00,33,17274.83,104,6,Apparel,Credit Card,Canada,1,523.48,505,15.8
CUST_2112,2025-05-29 10:09:00,2024-02-06 15:17:00,28,33377.53,92,5,Electronics,PayPal,United States,33,1192.05,511,17.7
CUST_2113,2025-06-20 15:56:00,2024-01-03 16:18:00,33,16443.34,91,6,Apparel,Credit Card,United States,11,498.28,545,16.7
CUST_2114,2025-06-18 13:22:00,2024-02-25 09:08:00,19,14521.23,44,5,Home & Kitchen,PayPal,United Kingdom,13,764.28,492,26.6
CUST_2115,2025-05-17 16:35:00,2024-01-19 14:41:00,24,10176.33,79,6,Apparel,Credit Card,United Kingdom,45,424.01,529,21.0
CUST_2116,2025-06-12 11:08:00,2024-01-03 13:59:00,26,15444.63,55,5,Electronics,Credit Card,United Kingdom,19,594.02,545,21.0
CUST_2117,2025-06-23 20:21:00,2024-01-20 19:22:00,27,16324.06,78,6,Apparel,Credit Card,United States,8,604.59,528,20.0
CUST_2118,2025-06-28 10:27:00,2024-01-28 16:32:00,39,28811.51,99,6,Electronics,Credit Card,India,3,738.76,520,13.6
CUST_2119,2025-06-03 16:22:00,2024-01-24 20:14:00,34,18755.45,89,6,Apparel,Credit Card,United States,28,551.63,524,15.0
CUST_2120,2025-04-15 21:11:00,2024-01-10 22:42:00,25,12835.92,79,6,Apparel,Credit Card,United States,77,513.44,538,19.2
CUST_2121,2025-06-30 15:49:00,2024-01-06 20:29:00,35,18066.24,87,6,Apparel,Credit Card,India,1,516.18,542,15.9
CUST_2122,2024-06-25 20:06:00,2024-01-01 16:53:00,29,11214.34,71,6,Apparel,Credit Card,Australia,371,386.7,547,6.3
CUST_2123,2025-06-29 09:32:00,2024-01-02 11:35:00,30,14153.2,75,5,Home & Kitchen,Credit Card,India,2,471.77,546,18.8
CUST_2124,2024-06-14 20:12:00,2024-01-05 09:13:00,24,21977.62,59,6,Home & Kitchen,Credit Card,Canada,382,915.73,543,7.0
CUST_2125,2025-06-29 11:51:00,2024-01-13 19:37:00,28,21281.45,79,6,Electronics,Credit Card,Germany,2,760.05,535,19.7
CUST_2126,2024-06-29 20:48:00,2024-01-03 22:36:00,32,22989.24,66,6,Electronics,Credit Card,United Kingdom,367,718.41,545,5.7
CUST_2127,2025-04-12 11:30:00,2024-01-07 13:13:00,34,39816.7,116,6,Apparel,Credit Card,United States,80,1171.08,541,14.0
CUST_2128,2025-06-26 18:28:00,2024-01-06 13:52:00,33,20055.75,95,6,Apparel,Credit Card,United Kingdom,5,607.75,542,16.8
CUST_2129,2025-06-18 19:39:00,2024-01-02 19:51:00,31,21490.89,78,6,Electronics,Credit Card,United States,13,693.25,546,17.8
CUST_2130,2025-06-06 12:28:00,2024-02-25 16:44:00,36,17087.09,77,6,Sports & Outdoors,Credit Card,United States,25,474.64,492,13.3
CUST_2131,2025-06-18 14:58:00,2024-01-04 09:44:00,34,17692.37,85,6,Apparel,Credit Card,Germany,13,520.36,544,16.1
CUST_2132,2025-06-28 10:18:00,2024-01-11 09:02:00,28,11448.17,70,6,Apparel,Credit Card,United Kingdom,3,408.86,537,19.8
CUST_2133,2025-05-31 10:56:00,2024-01-04 21:44:00,31,19857.11,120,6,Home & Kitchen,Credit Card,United States,31,640.55,544,17.1
CUST_2134,2025-06-16 10:13:00,2024-02-01 15:10:00,38,26668.13,100,6,Home & Kitchen,Credit Card,United States,15,701.79,516,13.5
CUST_2135,2025-06-28 22:41:00,2024-01-03 14:45:00,46,21770.87,139,6,Apparel,Credit Card,Germany,3,473.28,545,12.0
CUST_2136,2025-06-20 12:43:00,2024-01-02 12:49:00,36,20587.62,109,6,Home & Kitchen,Credit Card,United States,11,571.88,546,15.3
CUST_2137,2024-06-26 13:56:00,2024-01-07 08:26:00,34,20430.36,90,6,Apparel,Credit Card,India,370,600.89,541,5.2
CUST_2138,2025-06-27 11:52:00,2024-01-25 16:41:00,27,25229.75,69,6,Electronics,Credit Card,United Kingdom,4,934.44,523,20.0
CUST_2139,2024-06-17 15:22:00,2024-01-03 16:12:00,36,22819.04,107,6,Electronics,Credit Card,United Kingdom,379,633.86,545,4.7
CUST_2140,2025-06-07 09:25:00,2024-01-21 20:41:00,37,24110.84,97,6,Apparel,Credit Card,United Kingdom,24,651.64,527,14.0
CUST_2141,2025-06-18 15:36:00,2024-03-10 13:50:00,32,14385.37,84,6,Apparel,Credit Card,Canada,13,449.54,478,15.0
CUST_2142,2025-05-21 12:03:00,2024-01-16 11:57:00,39,19423.9,95,6,Apparel,Credit Card,United States,41,498.05,532,12.9
CUST_2143,2025-05-21 20:08:00,2024-02-13 21:39:00,31,21170.36,78,5,Apparel,Credit Card,Germany,41,682.91,504,15.4
CUST_2144,2025-06-25 18:55:00,2024-01-02 12:13:00,35,19597.78,96,6,Apparel,Credit Card,United Kingdom,6,559.94,546,15.9
CUST_2145,2025-05-21 16:40:00,2024-01-27 21:11:00,37,33688.02,123,6,Apparel,PayPal,United States,41,910.49,521,13.3
CUST_2146,2025-05-22 15:00:00,2024-02-09 10:22:00,27,17682.7,67,6,Electronics,Credit Card,India,40,654.91,508,18.0
CUST_2147,2024-06-24 14:53:00,2024-01-07 13:47:00,34,20960.43,104,6,Home & Kitchen,Credit Card,Canada,372,616.48,541,5.1
CUST_2148,2025-06-23 09:00:00,2024-02-05 10:39:00,33,21885.33,75,6,Electronics,Credit Card,Germany,8,663.19,512,15.8
CUST_2149,2025-06-17 09:08:00,2024-01-05 18:09:00,29,18312.66,83,6,Apparel,Credit Card,India,14,631.47,543,18.9
CUST_2150,2025-05-28 18:06:00,2024-01-01 11:49:00,33,15893.2,82,6,Apparel,Credit Card,India,34,481.61,547,16.0
CUST_2151,2025-06-30 09:28:00,2024-01-07 13:54:00,38,18156.26,95,6,Apparel,Credit Card,Germany,1,477.8,541,14.6
CUST_2152,2025-06-27 15:18:00,2024-01-05 11:15:00,32,20523.07,88,6,Beauty & Personal Care,Credit Card,Canada,4,641.35,543,17.4
CUST_2153,2025-06-01 19:30:00,2024-01-05 21:38:00,38,23279.43,104,6,Apparel,Credit Card,Germany,30,612.62,543,13.9
CUST_2154,2025-06-27 22:05:00,2024-01-09 13:55:00,37,38561.15,120,5,Apparel,Credit Card,Germany,4,1042.19,539,14.9
CUST_2155,2025-06-07 19:53:00,2024-01-25 14:22:00,46,22559.5,114,6,Apparel,Credit Card,Germany,24,490.42,523,11.1
CUST_2156,2025-06-07 15:42:00,2024-01-19 20:48:00,38,18131.32,93,6,Apparel,Credit Card,Canada,24,477.14,529,13.6
CUST_2157,2025-06-06 09:37:00,2024-01-25 14:47:00,27,10911.86,82,5,Apparel,Credit Card,United States,25,404.14,523,19.2
CUST_2158,2024-06-29 17:51:00,2024-01-03 14:43:00,33,24305.76,88,6,Home & Kitchen,Credit Card,India,367,736.54,545,5.6
CUST_2159,2025-06-16 18:37:00,2024-02-02 09:16:00,28,17712.03,74,5,Electronics,Credit Card,India,15,632.57,515,18.5
CUST_2160,2025-06-20 21:12:00,2024-01-13 22:14:00,40,24731.26,108,6,Home & Kitchen,Credit Card,United States,11,618.28,535,13.4
CUST_2161,2025-06-16 21:04:00,2024-01-04 18:03:00,29,16100.62,88,6,Apparel,Credit Card,Canada,15,555.19,544,18.9
CUST_2162,2024-06-29 11:42:00,2024-01-08 18:22:00,33,17861.96,81,6,Home & Kitchen,Credit Card,United States,367,541.27,540,5.4
CUST_2163,2025-06-18 15:26:00,2024-01-16 17:24:00,41,16480.81,119,6,Apparel,Credit Card,United States,13,401.97,532,13.0
CUST_2164,2025-06-28 21:32:00,2024-01-28 13:41:00,28,8181.19,76,6,Apparel,Credit Card,Germany,3,292.19,520,19.1
CUST_2165,2025-06-21 20:05:00,2024-01-09 18:00:00,36,16984.22,83,5,Apparel,Credit Card,United States,10,471.78,539,15.1
CUST_2166,2025-05-27 15:10:00,2024-02-03 17:46:00,29,20196.67,82,6,Apparel,Credit Card,Canada,35,696.44,514,17.1
CUST_2167,2025-06-14 19:45:00,2024-01-14 18:01:00,33,21003.02,87,6,Apparel,Credit Card,Canada,17,636.46,534,16.2
CUST_2168,2025-06-10 11:44:00,2024-01-19 20:37:00,36,17567.52,88,6,Home & Kitchen,Credit Card,United Kingdom,21,487.99,529,14.5
CUST_2169,2025-06-21 12:48:00,2024-01-11 08:29:00,34,20294.78,82,6,Electronics,Credit Card,United States,10,596.91,537,16.0
CUST_2170,2025-06-21 14:28:00,2024-01-04 21:17:00,39,22368.24,96,6,Electronics,Credit Card,United States,10,573.54,544,14.1
CUST_2171,2025-06-02 12:24:00,2024-01-04 11:12:00,32,16514.7,84,6,Beauty & Personal Care,Credit Card,Germany,29,516.08,544,16.6
CUST_2172,2025-06-22 16:36:00,2024-01-07 13:36:00,37,13320.9,96,6,Apparel,Credit Card,Australia,9,360.02,541,14.8
CUST_2173,2025-05-09 13:57:00,2024-03-23 12:01:00,33,12248.69,69,6,Apparel,Credit Card,Germany,53,371.17,465,12.9
CUST_2174,2025-04-27 18:17:00,2024-01-10 16:10:00,28,15061.04,72,5,Apparel,Credit Card,United States,65,537.89,538,17.5
CUST_2175,2024-06-19 10:51:00,2024-01-14 20:17:00,28,9064.82,61,6,Apparel,Credit Card,Germany,377,323.74,534,5.8
CUST_2176,2025-06-02 22:28:00,2024-01-15 22:09:00,35,17095.29,94,6,Apparel,Credit Card,United Kingdom,29,488.44,533,14.8
CUST_2177,2025-06-26 08:45:00,2024-01-04 16:45:00,43,25779.23,108,6,Electronics,Credit Card,Canada,5,599.52,544,12.8
CUST_2178,2025-06-29 13:46:00,2024-01-05 12:11:00,30,30969.14,114,6,Apparel,PayPal,United States,2,1032.3,543,18.7
CUST_2179,2025-05-01 19:33:00,2024-01-10 13:14:00,33,19990.76,86,6,Apparel,Credit Card,Canada,61,605.78,538,14.9
CUST_2180,2025-06-27 16:58:00,2024-01-25 18:56:00,27,16288.19,70,6,Home & Kitchen,Credit Card,United Kingdom,4,603.27,523,20.0
CUST_2181,2025-06-30 13:04:00,2024-01-01 20:04:00,41,30185.69,125,6,Beauty & Personal Care,Credit Card,Australia,1,736.24,547,13.6
CUST_2182,2025-06-26 22:13:00,2024-01-15 13:52:00,30,16952.91,82,6,Electronics,Credit Card,United States,5,565.1,533,18.2
CUST_2183,2025-05-25 17:45:00,2024-01-22 08:36:00,28,15069.49,91,6,Home & Kitchen,Credit Card,Germany,37,538.2,526,18.1
CUST_2184,2025-06-01 15:39:00,2024-02-01 19:19:00,48,18600.32,120,6,Home & Kitchen,PayPal,India,30,387.51,516,10.3
CUST_2185,2025-06-29 13:05:00,2024-01-09 11:37:00,32,14979.13,87,6,Apparel,Credit Card,United States,2,468.1,539,17.3
CUST_2186,2025-05-12 11:07:00,2024-01-02 19:33:00,33,24257.82,130,6,Apparel,Credit Card,India,50,735.09,546,15.5
CUST_2187,2025-05-28 08:17:00,2024-01-08 11:14:00,26,21329.07,73,6,Electronics,Credit Card,Germany,34,820.35,540,20.2
CUST_2188,2025-06-24 17:59:00,2024-01-31 16:37:00,35,15024.03,87,6,Electronics,Credit Card,United States,7,429.26,517,15.0
CUST_2189,2025-06-11 08:41:00,2024-01-18 14:21:00,42,18374.74,105,6,Sports & Outdoors,Credit Card,United States,20,437.49,530,12.4
CUST_2190,2025-06-25 12:58:00,2024-01-01 17:40:00,42,35083.35,103,6,Electronics,Credit Card,Germany,6,835.32,547,13.2
CUST_2191,2025-06-30 09:24:00,2024-01-10 09:06:00,33,23391.57,89,6,Apparel,Credit Card,United States,1,708.84,538,16.8
CUST_2192,2025-06-28 10:34:00,2024-01-13 22:00:00,35,17076.15,96,6,Apparel,Credit Card,United Kingdom,3,487.89,535,15.6
CUST_2193,2025-06-27 11:07:00,2024-01-02 18:35:00,34,31028.26,123,6,Electronics,Credit Card,United States,4,912.6,546,16.4
CUST_2194,2025-06-20 10:36:00,2024-01-31 15:46:00,42,15626.48,121,6,Apparel,Credit Card,Germany,11,372.06,517,12.3
CUST_2195,2024-06-18 11:51:00,2024-01-16 11:27:00,27,21763.01,79,6,Apparel,Credit Card,United States,378,806.04,532,5.9
CUST_2196,2025-06-27 15:53:00,2024-01-25 15:29:00,35,17394.08,98,6,Apparel,Credit Card,India,4,496.97,523,15.3
CUST_2197,2025-06-07 12:13:00,2024-01-03 20:46:00,36,19447.68,98,6,Home & Kitchen,Credit Card,Australia,24,540.21,545,14.9
CUST_2198,2025-06-06 10:03:00,2024-01-13 21:54:00,31,18906.75,89,5,Apparel,Credit Card,Australia,25,609.9,535,17.0
CUST_2199,2025-04-25 18:38:00,2024-02-06 12:51:00,27,15531.14,67,6,Home & Kitchen,PayPal,Germany,67,575.23,511,17.1
CUST_2200,2025-06-27 11:31:00,2024-02-05 10:58:00,31,8860.43,75,6,Sports & Outdoors,Credit Card,United States,4,285.82,512,16.9
CUST_2201,2025-06-21 16:10:00,2024-03-12 10:16:00,37,18926.87,107,5,Home & Kitchen,PayPal,Canada,10,511.54,476,12.9
CUST_2202,2024-06-29 22:09:00,2024-01-06 15:32:00,29,17329.39,71,6,Apparel,Credit Card,United States,367,597.57,542,6.2
CUST_2203,2025-06-02 14:27:00,2024-01-06 11:55:00,31,21519.85,77,6,Apparel,Credit Card,United States,29,694.19,542,17.1
CUST_2204,2025-06-19 20:26:00,2024-01-20 12:20:00,43,37818.94,147,6,Home & Kitchen,Credit Card,United States,12,879.51,528,12.3
CUST_2205,2025-05-06 08:35:00,2024-01-03 13:12:00,32,26327.53,91,5,Electronics,Credit Card,United Kingdom,56,822.74,545,15.8
CUST_2206,2025-06-07 13:47:00,2024-03-06 22:01:00,29,14248.81,76,6,Apparel,Credit Card,Canada,24,491.34,482,16.4
CUST_2207,2025-06-25 17:23:00,2024-01-04 08:21:00,26,9931.74,63,6,Apparel,Credit Card,Germany,6,381.99,544,21.5
CUST_2208,2025-06-27 10:13:00,2024-01-05 10:15:00,29,10849.71,93,5,Apparel,Credit Card,United Kingdom,4,374.13,543,19.2
CUST_2209,2025-05-11 12:03:00,2024-01-08 17:31:00,29,19798.84,95,6,Home & Kitchen,Credit Card,United States,51,682.72,540,17.5
CUST_2210,2025-06-13 09:56:00,2024-02-05 16:13:00,33,20522.18,86,6,Electronics,Credit Card,Australia,18,621.88,512,15.4
CUST_2211,2025-05-18 22:46:00,2024-01-08 11:57:00,31,15862.16,90,6,Beauty & Personal Care,Credit Card,United Kingdom,44,511.68,540,16.5
CUST_2212,2025-06-19 17:38:00,2024-01-15 19:09:00,39,29483.0,94,6,Electronics,Credit Card,United Kingdom,12,755.97,533,13.7
CUST_2213,2025-06-07 09:45:00,2024-01-03 10:21:00,32,17084.65,82,6,Apparel,Credit Card,United States,24,533.9,545,16.8
CUST_2214,2025-06-30 17:18:00,2024-01-13 13:54:00,30,20384.84,85,6,Electronics,Credit Card,Canada,1,679.49,535,18.4
CUST_2215,2025-06-16 13:38:00,2024-03-01 15:48:00,22,10409.25,86,5,Apparel,Credit Card,Germany,15,473.15,487,22.5
CUST_2216,2025-06-14 12:14:00,2024-02-23 10:43:00,33,17767.05,85,6,Apparel,Credit Card,United States,17,538.4,494,14.9
CUST_2217,2025-06-19 17:59:00,2024-01-13 08:34:00,38,29835.63,104,6,Electronics,Credit Card,United States,12,785.15,535,14.1
CUST_2218,2024-06-29 18:11:00,2024-01-13 17:44:00,31,12556.59,85,6,Apparel,Credit Card,Germany,367,405.05,535,5.6
CUST_2219,2025-05-10 16:40:00,2024-01-15 22:02:00,27,18876.58,80,6,Apparel,Credit Card,Germany,52,699.13,533,18.5
CUST_2220,2025-06-01 08:56:00,2024-01-14 18:35:00,24,23977.55,74,6,Electronics,Credit Card,United States,30,999.06,534,21.9
CUST_2221,2024-06-27 18:35:00,2024-01-01 12:54:00,36,22725.1,113,6,Apparel,Credit Card,Australia,369,631.25,547,5.1
CUST_2222,2025-06-03 12:05:00,2024-01-15 13:52:00,31,13295.48,78,6,Beauty & Personal Care,Credit Card,United States,28,428.89,533,16.8
CUST_2223,2025-06-28 09:11:00,2024-01-12 14:23:00,35,22215.87,99,6,Electronics,Credit Card,United Kingdom,3,634.74,536,15.7
CUST_2224,2025-06-19 20:21:00,2024-01-02 14:48:00,39,21834.91,111,6,Apparel,Credit Card,India,12,559.87,546,14.1
CUST_2225,2025-06-25 16:17:00,2024-01-30 14:56:00,33,28780.22,84,6,Electronics,Credit Card,United Kingdom,6,872.13,518,16.0
CUST_2226,2025-06-18 13:44:00,2024-03-17 13:45:00,20,10980.62,50,5,Apparel,Credit Card,Germany,13,549.03,471,24.1
CUST_2227,2025-06-27 20:12:00,2024-01-09 11:21:00,30,27770.41,100,6,Apparel,Credit Card,United States,4,925.68,539,18.4
CUST_2228,2025-06-24 18:34:00,2024-01-04 14:41:00,38,23277.52,86,6,Home & Kitchen,Credit Card,United States,7,612.57,544,14.5
CUST_2229,2025-06-24 10:18:00,2024-01-06 10:33:00,37,15214.73,101,6,Beauty & Personal Care,Credit Card,Australia,7,411.21,542,14.9
CUST_2230,2025-06-26 19:52:00,2024-01-02 13:55:00,31,14139.79,79,6,Apparel,Credit Card,United Kingdom,5,456.12,546,18.0
CUST_2231,2025-04-18 08:10:00,2024-01-05 13:16:00,31,11322.02,84,6,Apparel,Credit Card,India,74,365.23,543,15.6
CUST_2232,2025-06-24 10:28:00,2024-01-31 18:42:00,30,13715.12,79,6,Apparel,Credit Card,United States,7,457.17,517,17.6
CUST_2233,2025-06-26 09:03:00,2024-01-08 12:25:00,29,25726.68,109,6,Apparel,Credit Card,United States,5,887.13,540,19.1
CUST_2234,2024-06-21 22:30:00,2024-01-04 10:50:00,30,19285.85,79,6,Beauty & Personal Care,Credit Card,United States,375,642.86,544,5.8
CUST_2235,2024-06-29 19:28:00,2024-01-20 14:14:00,26,9400.61,71,6,Apparel,Credit Card,Germany,367,361.56,528,6.4
CUST_2236,2025-06-11 12:06:00,2024-01-04 22:01:00,41,20907.52,102,6,Apparel,Credit Card,United States,20,509.94,544,13.1
CUST_2237,2024-06-27 15:13:00,2024-01-01 15:52:00,38,24397.43,103,6,Apparel,Credit Card,India,369,642.04,547,4.8
CUST_2238,2025-06-25 14:18:00,2024-01-10 10:16:00,36,12706.83,93,6,Apparel,Credit Card,United Kingdom,6,352.97,538,15.2
CUST_2239,2024-06-27 19:57:00,2024-01-05 09:26:00,26,15625.61,68,6,Home & Kitchen,Credit Card,Australia,369,600.98,543,7.0
CUST_2240,2025-06-10 09:40:00,2024-01-01 08:26:00,30,31824.34,113,6,Apparel,Credit Card,United States,21,1060.81,547,18.1
CUST_2241,2025-05-27 12:52:00,2024-01-01 14:44:00,30,14793.95,60,6,Electronics,Credit Card,India,35,493.13,547,17.7
CUST_2242,2025-06-21 08:16:00,2024-01-31 16:01:00,33,20795.13,83,6,Electronics,Credit Card,Canada,10,630.16,517,15.8
CUST_2243,2025-06-01 11:04:00,2024-01-04 17:11:00,42,25833.92,112,6,Apparel,Credit Card,Canada,30,615.09,544,12.5
CUST_2244,2025-06-30 11:30:00,2024-01-19 18:00:00,46,24955.55,120,6,Home & Kitchen,Credit Card,Canada,1,542.51,529,11.7
CUST_2245,2025-06-12 11:55:00,2024-01-01 12:53:00,34,9775.63,94,6,Apparel,Credit Card,Canada,19,287.52,547,16.0
CUST_2246,2025-05-31 21:19:00,2024-01-28 17:00:00,30,16061.03,77,6,Home & Kitchen,Credit Card,Germany,31,535.37,520,16.9
CUST_2247,2025-06-08 15:49:00,2024-01-02 12:06:00,37,16896.36,95,6,Apparel,Credit Card,United States,23,456.66,546,14.5
CUST_2248,2025-06-23 21:15:00,2024-01-19 21:37:00,31,16845.99,74,6,Home & Kitchen,Credit Card,United States,8,543.42,529,17.4
CUST_2249,2025-06-08 16:40:00,2024-01-01 14:50:00,46,23499.42,126,6,Apparel,Credit Card,India,23,510.86,547,11.6
CUST_2250,2025-06-19 14:22:00,2024-01-10 14:11:00,23,8069.31,55,6,Apparel,Credit Card,Germany,12,350.84,538,23.9
CUST_2251,2025-06-05 10:14:00,2024-01-15 21:42:00,29,8109.76,75,6,Apparel,Credit Card,Canada,26,279.65,533,18.1
CUST_2252,2025-05-26 22:06:00,2024-01-10 16:46:00,32,25173.67,90,6,Apparel,Credit Card,United Kingdom,36,786.68,538,16.2
CUST_2253,2025-06-25 08:42:00,2024-01-25 22:00:00,38,18522.68,101,6,Apparel,Credit Card,United States,6,487.44,523,14.0
CUST_2254,2025-06-07 20:42:00,2024-01-05 08:33:00,24,11702.25,59,6,Apparel,Credit Card,United States,24,487.59,543,22.6
CUST_2255,2024-06-28 22:41:00,2024-01-03 12:28:00,41,21604.73,105,6,Home & Kitchen,Credit Card,Germany,368,526.94,545,4.4
CUST_2256,2025-06-25 22:42:00,2024-01-07 13:57:00,44,29369.99,106,6,Electronics,Credit Card,United Kingdom,6,667.5,541,12.4
CUST_2257,2025-06-16 11:47:00,2024-01-03 08:36:00,29,13544.67,68,6,Home & Kitchen,Credit Card,United States,15,467.06,545,18.9
CUST_2258,2024-06-29 15:14:00,2024-01-02 20:54:00,31,18787.84,84,6,Apparel,Credit Card,United Kingdom,367,606.06,546,6.0
CUST_2259,2025-06-30 21:52:00,2024-01-07 13:46:00,33,11772.54,94,6,Apparel,Credit Card,United States,1,356.74,541,16.9
CUST_2260,2025-06-20 09:02:00,2024-01-04 11:56:00,33,15274.88,124,6,Apparel,Credit Card,United Kingdom,11,462.88,544,16.7
CUST_2261,2025-06-19 11:02:00,2024-01-19 21:04:00,26,9706.34,56,6,Electronics,Credit Card,United States,12,373.32,529,20.7
CUST_2262,2025-06-14 22:30:00,2024-01-12 11:21:00,34,32400.67,124,6,Apparel,Credit Card,Canada,17,952.96,536,15.7
CUST_2263,2025-06-10 21:23:00,2024-01-07 12:24:00,37,20078.64,95,6,Home & Kitchen,Credit Card,United States,21,542.67,541,14.4
CUST_2264,2025-06-19 15:46:00,2024-01-24 18:40:00,34,23203.16,91,6,Electronics,Credit Card,United Kingdom,12,682.45,524,15.5
CUST_2265,2025-06-29 15:03:00,2024-01-08 16:11:00,32,12678.73,76,6,Apparel,Credit Card,United States,2,396.21,540,17.4
CUST_2266,2024-06-29 13:49:00,2024-01-01 08:54:00,28,15035.39,72,6,Home & Kitchen,Credit Card,United States,367,536.98,547,6.7
CUST_2267,2025-06-25 19:13:00,2024-02-18 17:34:00,29,14303.75,83,6,Electronics,Credit Card,United States,6,493.23,499,17.6
CUST_2268,2025-06-14 08:05:00,2024-01-12 18:21:00,31,14161.96,89,6,Books,Credit Card,United Kingdom,17,456.84,536,17.3
CUST_2269,2025-06-07 09:18:00,2024-01-06 17:11:00,33,24637.35,81,6,Home & Kitchen,Credit Card,Germany,24,746.59,542,16.2
CUST_2270,2025-06-09 22:57:00,2024-01-11 22:42:00,35,16413.01,91,6,Apparel,Credit Card,United States,21,468.94,537,15.2
CUST_2271,2025-06-22 12:25:00,2024-03-23 10:34:00,28,16062.69,85,6,Apparel,Credit Card,Germany,9,573.67,465,16.9
CUST_2272,2025-06-27 19:49:00,2024-01-07 15:07:00,28,13693.23,69,6,Home & Kitchen,Credit Card,India,4,489.04,541,19.9
CUST_2273,2025-06-06 22:35:00,2024-01-06 22:26:00,20,9064.39,54,6,Apparel,Credit Card,Canada,25,453.22,542,27.2
CUST_2274,2025-05-18 17:33:00,2024-01-23 12:09:00,33,16004.35,101,6,Home & Kitchen,Credit Card,United States,44,484.98,525,15.0
CUST_2275,2025-05-26 16:50:00,2024-01-04 08:21:00,35,14366.42,89,6,Home & Kitchen,Credit Card,United Kingdom,36,410.47,544,14.9
CUST_2276,2025-05-21 22:00:00,2024-01-02 21:23:00,38,25043.94,106,6,Apparel,Credit Card,United States,41,659.05,546,13.6
CUST_2277,2025-05-09 13:31:00,2024-01-02 18:07:00,23,24568.98,82,6,Home & Kitchen,Credit Card,United States,53,1068.22,546,22.4
CUST_2278,2025-06-19 19:34:00,2024-02-27 21:16:00,29,14803.81,88,6,Apparel,Credit Card,Australia,12,510.48,490,17.1
CUST_2279,2025-06-12 19:08:00,2024-01-11 19:36:00,40,22641.87,105,6,Apparel,Credit Card,United States,19,566.05,537,13.3
CUST_2280,2025-06-27 12:09:00,2024-01-19 21:45:00,50,28721.51,124,6,Apparel,Credit Card,United Kingdom,4,574.43,529,10.7
CUST_2281,2025-06-21 10:59:00,2024-01-10 15:22:00,47,46716.15,199,6,Apparel,Credit Card,Germany,10,993.96,538,11.5
CUST_2282,2025-06-18 22:57:00,2024-01-02 16:13:00,41,24103.64,90,6,Electronics,Credit Card,Germany,12,587.89,546,13.4
CUST_2283,2024-06-25 22:09:00,2024-01-09 14:28:00,26,16391.67,67,6,Apparel,Credit Card,United Kingdom,371,630.45,539,6.7
CUST_2284,2025-06-10 09:08:00,2024-01-11 19:00:00,38,18383.25,103,6,Sports & Outdoors,Credit Card,United States,21,483.77,537,13.9
CUST_2285,2024-06-26 11:55:00,2024-01-10 09:38:00,25,17327.85,63,5,Home & Kitchen,Credit Card,United States,370,693.11,538,7.0
CUST_2286,2025-06-27 13:11:00,2024-01-06 09:43:00,42,20567.1,108,6,Apparel,Credit Card,United Kingdom,4,489.69,542,13.1
CUST_2287,2024-06-29 13:13:00,2024-01-02 20:10:00,40,28840.08,112,5,Apparel,Credit Card,United States,367,721.0,546,4.6
CUST_2288,2025-06-20 14:27:00,2024-01-01 15:21:00,35,24040.58,100,6,Home & Kitchen,Credit Card,United States,11,686.87,547,15.8
CUST_2289,2024-06-29 09:10:00,2024-01-05 16:34:00,40,19852.97,97,6,Apparel,Credit Card,United States,367,496.32,543,4.5
CUST_2290,2024-06-29 16:44:00,2024-01-03 11:27:00,35,15885.93,79,6,Apparel,Credit Card,United States,367,453.88,545,5.2
CUST_2291,2025-06-05 15:47:00,2024-01-09 12:55:00,42,17103.62,118,5,Apparel,Credit Card,United States,26,407.23,539,12.5
CUST_2292,2024-06-25 10:30:00,2024-01-04 17:41:00,37,20387.02,107,6,Apparel,Credit Card,United States,371,551.0,544,4.8
CUST_2293,2025-06-27 19:52:00,2024-01-05 11:08:00,33,12813.78,98,6,Books,Credit Card,United Kingdom,4,388.3,543,16.8
CUST_2294,2025-06-28 19:19:00,2024-01-08 11:44:00,40,20707.76,90,6,Electronics,Credit Card,Germany,3,517.69,540,13.8
CUST_2295,2025-06-11 17:15:00,2024-01-02 10:31:00,33,19954.73,92,6,Apparel,Credit Card,Canada,20,604.69,546,16.4
CUST_2296,2025-06-24 16:08:00,2024-01-21 21:46:00,26,16054.27,71,5,Apparel,Credit Card,United States,7,617.47,527,20.8
CUST_2297,2025-06-30 12:42:00,2024-01-04 13:22:00,53,43817.62,189,6,Home & Kitchen,Credit Card,United States,1,826.75,544,10.4
CUST_2298,2025-05-29 12:47:00,2024-01-07 12:11:00,31,13630.99,93,5,Apparel,Credit Card,United States,33,439.71,541,16.9
CUST_2299,2024-06-27 14:04:00,2024-01-04 10:59:00,38,21121.44,97,6,Electronics,Credit Card,Germany,369,555.83,544,4.7
CUST_2300,2025-06-19 10:22:00,2024-02-19 11:29:00,42,18531.3,107,6,Home & Kitchen,Credit Card,Germany,12,441.22,498,11.9
CUST_2301,2025-05-08 16:17:00,2024-01-09 11:22:00,24,11894.02,62,6,Apparel,Credit Card,United States,54,495.58,539,21.1
CUST_2302,2024-06-19 08:34:00,2024-01-08 18:15:00,24,10349.52,62,6,Apparel,Credit Card,India,377,431.23,540,7.1
CUST_2303,2024-06-29 13:38:00,2024-01-06 10:09:00,35,16140.74,94,6,Home & Kitchen,Credit Card,United States,367,461.16,542,5.1
CUST_2304,2024-06-28 16:43:00,2024-01-31 10:30:00,27,13033.45,64,6,Apparel,Credit Card,United Kingdom,368,482.72,517,5.7
CUST_2305,2025-04-09 15:50:00,2024-01-12 08:08:00,28,13130.24,79,6,Beauty & Personal Care,Credit Card,Germany,83,468.94,536,16.8
CUST_2306,2024-06-28 15:19:00,2024-01-06 15:53:00,38,16170.17,110,6,Apparel,Credit Card,India,368,425.53,542,4.7
CUST_2307,2025-06-18 09:49:00,2024-01-01 13:40:00,34,30277.84,94,6,Electronics,PayPal,Germany,13,890.52,547,16.2
CUST_2308,2025-05-14 21:55:00,2024-02-08 13:13:00,32,17422.23,92,6,Apparel,Credit Card,Canada,48,544.44,509,14.9
CUST_2309,2025-06-30 22:03:00,2024-01-07 11:42:00,32,12254.14,82,6,Apparel,Credit Card,United States,1,382.94,541,17.4
CUST_2310,2025-05-17 10:40:00,2024-01-03 16:25:00,27,16714.05,70,6,Books,PayPal,Canada,45,619.04,545,19.2
CUST_2311,2025-06-19 10:50:00,2024-01-04 17:07:00,30,15353.68,73,6,Apparel,Credit Card,United States,12,511.79,544,18.3
CUST_2312,2025-06-04 10:35:00,2024-01-07 20:30:00,38,23366.85,108,6,Apparel,Credit Card,India,27,614.92,541,13.9
CUST_2313,2025-06-28 16:43:00,2024-02-01 22:38:00,37,23054.63,104,6,Apparel,Credit Card,United Kingdom,3,623.1,516,14.2
CUST_2314,2025-06-30 16:23:00,2024-01-11 16:17:00,36,25845.81,92,6,Apparel,Credit Card,Canada,1,717.94,537,15.3
CUST_2315,2025-06-01 14:03:00,2024-01-03 15:32:00,37,20167.75,81,6,Apparel,Credit Card,United Kingdom,30,545.07,545,14.3
CUST_2316,2025-06-29 12:24:00,2024-01-03 18:03:00,46,15265.66,124,6,Apparel,Credit Card,Germany,2,331.86,545,12.1
CUST_2317,2025-06-30 08:34:00,2024-01-04 20:05:00,42,21901.48,116,6,Apparel,Credit Card,United Kingdom,1,521.46,544,13.2
CUST_2318,2025-06-28 13:43:00,2024-01-13 09:54:00,30,22763.26,117,6,Apparel,Credit Card,Germany,3,758.78,535,18.3
CUST_2319,2025-06-26 17:18:00,2024-01-29 12:29:00,34,35867.4,131,6,Apparel,Credit Card,United States,5,1054.92,519,15.6
CUST_2320,2025-06-30 12:02:00,2024-01-10 21:17:00,40,18055.56,97,6,Apparel,PayPal,United States,1,451.39,538,13.8
CUST_2321,2024-06-23 16:01:00,2024-01-08 19:16:00,30,18608.35,85,6,Apparel,Credit Card,United States,373,620.28,540,5.8
CUST_2322,2025-06-24 17:55:00,2024-01-09 22:46:00,37,21892.28,88,6,Apparel,Credit Card,United States,7,591.68,539,14.8
CUST_2323,2025-06-25 18:32:00,2024-01-16 11:18:00,33,19475.15,82,6,Home & Kitchen,Credit Card,India,6,590.16,532,16.4
CUST_2324,2025-05-28 12:42:00,2024-01-14 11:07:00,24,12836.23,68,6,Apparel,Credit Card,United States,34,534.84,534,21.7
CUST_2325,2025-06-08 22:46:00,2024-01-04 12:03:00,33,17984.56,88,6,Home & Kitchen,Credit Card,Australia,23,544.99,544,16.3
CUST_2326,2025-05-06 13:51:00,2024-01-13 22:22:00,34,17449.3,81,6,Apparel,Credit Card,United States,56,513.21,535,14.5
CUST_2327,2025-05-22 13:49:00,2024-02-14 18:32:00,24,15280.62,66,6,Home & Kitchen,Credit Card,United States,40,636.69,503,20.1
CUST_2328,2025-06-25 08:49:00,2024-01-17 10:46:00,45,24496.85,165,6,Apparel,Credit Card,Canada,6,544.37,531,11.9
CUST_2329,2025-06-18 17:21:00,2024-01-12 17:47:00,33,17723.03,95,6,Home & Kitchen,Credit Card,Germany,13,537.06,536,16.3
CUST_2330,2025-06-29 14:12:00,2024-01-02 09:32:00,25,16575.14,88,6,Apparel,Credit Card,United Kingdom,2,663.01,546,22.7
CUST_2331,2025-06-04 16:46:00,2024-01-07 21:01:00,43,18132.49,112,6,Home & Kitchen,Credit Card,United Kingdom,27,421.69,541,12.2
CUST_2332,2025-06-29 19:04:00,2024-01-19 20:06:00,29,16529.56,89,6,Apparel,Credit Card,Germany,2,569.98,529,18.8
CUST_2333,2025-06-26 20:09:00,2024-02-09 19:04:00,38,16935.48,94,6,Electronics,Credit Card,United States,5,445.67,508,13.6
CUST_2334,2025-06-03 22:12:00,2024-01-02 15:25:00,23,12003.32,60,6,Apparel,Credit Card,Australia,28,521.88,546,23.5
CUST_2335,2025-06-19 08:42:00,2024-01-12 20:01:00,30,17655.09,78,6,Apparel,PayPal,Australia,12,588.5,536,18.1
CUST_2336,2024-06-28 19:08:00,2024-01-02 11:15:00,38,24164.47,103,6,Home & Kitchen,Credit Card,Germany,368,635.91,546,4.8
CUST_2337,2024-06-29 12:10:00,2024-01-02 22:58:00,43,15819.85,121,6,Apparel,Credit Card,United States,367,367.9,545,4.2
CUST_2338,2025-04-24 08:47:00,2024-01-16 08:51:00,36,35227.92,135,6,Electronics,PayPal,Germany,68,978.55,532,13.3
CUST_2339,2025-06-27 20:20:00,2024-01-27 12:07:00,36,11811.6,98,6,Apparel,Credit Card,United States,4,328.1,521,14.8
CUST_2340,2025-06-25 11:00:00,2024-01-05 18:00:00,26,21948.5,66,5,Electronics,Credit Card,United States,6,844.17,543,21.5
CUST_2341,2025-06-29 13:16:00,2024-01-21 15:13:00,43,20794.84,115,6,Home & Kitchen,Credit Card,United States,2,483.6,527,12.5
CUST_2342,2025-06-26 17:01:00,2024-01-02 20:59:00,34,22159.53,85,6,Home & Kitchen,Credit Card,United Kingdom,5,651.75,546,16.4
CUST_2343,2024-06-23 11:22:00,2024-01-14 22:13:00,37,16931.3,93,6,Home & Kitchen,PayPal,India,373,457.6,534,4.5
CUST_2344,2024-06-27 10:10:00,2024-01-02 12:09:00,43,18990.78,102,6,Apparel,Credit Card,Germany,369,441.65,546,4.2
CUST_2345,2025-06-24 14:15:00,2024-01-21 13:46:00,38,18416.43,98,6,Electronics,Credit Card,Germany,7,484.64,527,14.1
CUST_2346,2025-06-23 13:27:00,2024-01-28 16:18:00,33,19210.64,66,6,Electronics,Credit Card,United Kingdom,8,582.14,520,16.0
CUST_2347,2025-06-19 09:55:00,2024-01-07 22:53:00,37,15070.86,96,6,Apparel,Credit Card,United States,12,407.32,541,14.7
CUST_2348,2025-06-18 19:55:00,2024-01-09 11:06:00,34,16932.87,92,6,Beauty & Personal Care,Credit Card,United States,13,498.03,539,15.9
CUST_2349,2025-05-18 17:35:00,2024-01-05 18:38:00,30,12268.08,86,6,Apparel,Credit Card,Australia,44,408.94,543,17.2
CUST_2350,2025-06-22 14:12:00,2024-01-12 12:56:00,34,19755.74,90,6,Apparel,Credit Card,United States,9,581.05,536,16.0
CUST_2351,2025-06-29 22:17:00,2024-01-08 08:39:00,33,22287.85,95,6,Apparel,Credit Card,India,2,675.39,540,16.8
CUST_2352,2025-06-29 22:17:00,2024-02-02 19:27:00,35,22187.27,83,6,Home & Kitchen,Credit Card,United Kingdom,2,633.92,515,15.1
CUST_2353,2025-06-17 11:26:00,2024-01-01 09:58:00,32,20537.16,81,6,Electronics,Credit Card,United Kingdom,14,641.79,547,17.2
CUST_2354,2024-06-17 09:12:00,2024-01-01 11:08:00,34,13959.74,99,6,Apparel,Credit Card,Germany,379,410.58,547,5.1
CUST_2355,2025-06-06 17:11:00,2024-01-23 19:32:00,34,17081.86,83,6,Apparel,Credit Card,United Kingdom,25,502.41,525,15.2
CUST_2356,2025-05-25 22:35:00,2024-01-16 18:58:00,24,14765.61,64,6,Apparel,Credit Card,India,37,615.23,532,21.5
CUST_2357,2025-06-23 15:10:00,2024-01-03 09:50:00,29,22122.79,84,6,Apparel,Credit Card,India,8,762.85,545,19.2
CUST_2358,2025-06-19 19:34:00,2024-01-08 14:42:00,37,28404.46,125,6,Beauty & Personal Care,Credit Card,United Kingdom,12,767.69,540,14.7
CUST_2359,2025-06-15 09:59:00,2024-01-30 09:38:00,32,24151.7,133,6,Home & Kitchen,Credit Card,United States,16,754.74,518,16.2
CUST_2360,2025-06-07 08:00:00,2024-01-15 22:23:00,32,17310.83,91,6,Apparel,Credit Card,United Kingdom,24,540.96,533,16.4
CUST_2361,2024-06-26 15:17:00,2024-01-05 17:17:00,33,14822.15,76,6,Electronics,Credit Card,India,370,449.16,543,5.4
CUST_2362,2025-06-26 14:29:00,2024-01-24 15:44:00,32,10344.64,97,6,Home & Kitchen,Credit Card,United States,5,323.27,524,16.7
CUST_2363,2024-06-28 08:38:00,2024-01-01 21:41:00,30,17156.32,81,6,Apparel,Credit Card,Germany,368,571.88,547,6.2
CUST_2364,2025-06-30 08:52:00,2024-01-19 20:47:00,42,22057.51,106,6,Apparel,Credit Card,Germany,1,525.18,529,12.9
CUST_2365,2025-06-26 12:42:00,2024-01-16 21:50:00,47,21712.68,131,6,Apparel,Credit Card,Germany,5,461.97,532,11.5
CUST_2366,2025-06-20 15:29:00,2024-01-24 11:08:00,31,13569.68,88,6,Apparel,Credit Card,United States,11,437.73,524,17.1
CUST_2367,2025-06-22 12:55:00,2024-01-05 15:30:00,28,12276.29,91,5,Home & Kitchen,Credit Card,Germany,9,438.44,543,19.8
CUST_2368,2025-06-28 22:48:00,2024-01-05 15:57:00,45,29027.4,120,6,Apparel,PayPal,India,3,645.05,543,12.3
CUST_2369,2025-06-26 22:11:00,2024-01-07 11:13:00,34,11128.34,95,6,Apparel,PayPal,United States,5,327.3,541,16.2
CUST_2370,2025-06-29 09:59:00,2024-01-07 17:50:00,33,20337.99,86,6,Apparel,Credit Card,United States,2,616.3,541,16.8
CUST_2371,2024-06-28 18:12:00,2024-01-17 17:31:00,29,13457.3,88,6,Apparel,Credit Card,Australia,368,464.04,531,5.8
CUST_2372,2024-06-28 15:19:00,2024-02-04 13:49:00,31,12939.91,88,6,Home & Kitchen,Credit Card,United States,368,417.42,513,4.8
CUST_2373,2024-06-27 10:37:00,2024-01-15 12:52:00,29,22104.86,65,6,Electronics,Credit Card,India,369,762.24,533,5.9
CUST_2374,2025-04-18 10:59:00,2024-01-13 21:29:00,32,26042.12,90,6,Beauty & Personal Care,Credit Card,United Kingdom,74,813.82,535,14.9
CUST_2375,2025-06-22 11:15:00,2024-01-06 18:16:00,34,14437.83,90,6,Apparel,Credit Card,United States,9,424.64,542,16.2
CUST_2376,2025-06-03 18:36:00,2024-01-16 19:46:00,35,28089.17,90,6,Home & Kitchen,Credit Card,India,28,802.55,532,14.8
CUST_2377,2025-06-24 13:03:00,2024-01-10 16:51:00,34,19554.66,80,6,Apparel,Credit Card,United Kingdom,7,575.14,538,16.1
CUST_2378,2025-06-25 13:24:00,2024-02-09 13:19:00,30,18121.87,75,6,Electronics,Credit Card,United Kingdom,6,604.06,508,17.3
CUST_2379,2025-06-24 09:43:00,2024-01-11 14:59:00,45,26243.15,121,5,Apparel,Credit Card,United States,7,583.18,537,12.0
CUST_2380,2025-06-25 16:55:00,2024-01-03 15:50:00,32,16367.35,87,6,Apparel,Credit Card,United Kingdom,6,511.48,545,17.4
CUST_2381,2025-06-18 10:52:00,2024-01-13 19:10:00,30,19397.5,82,5,Home & Kitchen,Credit Card,United States,13,646.58,535,18.0
CUST_2382,2024-06-26 22:29:00,2024-01-05 21:06:00,34,20010.38,90,6,Apparel,Credit Card,United States,370,588.54,543,5.2
CUST_2383,2025-06-10 11:36:00,2024-01-07 09:39:00,34,21843.37,104,6,Apparel,Credit Card,Australia,21,642.45,541,15.8
CUST_2384,2025-06-05 22:52:00,2024-01-03 15:00:00,42,35366.35,152,6,Beauty & Personal Care,Credit Card,United States,26,842.06,545,12.7
CUST_2385,2025-05-26 11:40:00,2024-01-05 19:32:00,32,43780.43,111,6,Electronics,Credit Card,Germany,36,1368.14,543,16.4
CUST_2386,2024-06-08 16:47:00,2024-01-04 10:23:00,30,11632.54,75,6,Home & Kitchen,Credit Card,United States,388,387.75,544,5.4
CUST_2387,2025-06-02 15:12:00,2024-01-01 15:42:00,27,19758.94,67,6,Electronics,PayPal,Canada,29,731.81,547,19.9
CUST_2388,2025-06-25 15:00:00,2024-01-20 16:47:00,38,21158.78,94,6,Apparel,Credit Card,United States,6,556.81,528,14.1
CUST_2389,2025-06-18 13:17:00,2024-01-08 13:15:00,16,13380.17,39,5,Home & Kitchen,Credit Card,Australia,13,836.26,540,35.1
CUST_2390,2025-06-23 20:55:00,2024-01-02 22:20:00,29,22312.16,94,6,Electronics,Credit Card,United Kingdom,8,769.38,546,19.2
CUST_2391,2025-06-19 10:12:00,2024-01-01 22:25:00,33,19681.0,73,6,Electronics,Credit Card,United States,12,596.39,547,16.7
CUST_2392,2025-06-14 11:42:00,2024-01-17 11:55:00,28,28455.8,69,5,Electronics,Credit Card,United States,17,1016.28,531,19.0
CUST_2393,2025-06-03 08:55:00,2024-02-16 22:30:00,29,10474.71,71,6,Home & Kitchen,Credit Card,United States,28,361.2,501,16.9
CUST_2394,2025-06-18 10:21:00,2024-01-25 12:34:00,31,15121.18,85,6,Apparel,Credit Card,United Kingdom,13,487.78,523,17.0
CUST_2395,2025-06-20 09:56:00,2024-01-04 21:56:00,36,22811.45,96,6,Apparel,Credit Card,United States,11,633.65,544,15.2
CUST_2396,2024-06-16 16:37:00,2024-01-08 18:09:00,38,25645.32,103,6,Electronics,Credit Card,Canada,380,674.88,540,4.3
CUST_2397,2025-06-14 08:32:00,2024-01-19 16:30:00,20,13502.46,50,5,Electronics,Credit Card,United Kingdom,17,675.12,529,26.9
CUST_2398,2025-06-24 15:12:00,2024-01-16 13:58:00,28,11249.94,70,6,Sports & Outdoors,PayPal,United States,7,401.78,532,19.4
CUST_2399,2025-05-17 17:16:00,2024-01-31 11:07:00,32,17769.39,102,6,Home & Kitchen,Credit Card,Germany,45,555.29,517,15.2
CUST_2400,2025-06-29 10:31:00,2024-01-16 08:37:00,35,35304.14,112,6,Apparel,Credit Card,Germany,2,1008.69,532,15.6
CUST_2401,2025-06-23 11:28:00,2024-01-04 13:21:00,30,11515.2,69,6,Apparel,Credit Card,United States,8,383.84,544,18.5
CUST_2402,2025-06-04 11:42:00,2024-01-20 08:23:00,31,13330.02,73,6,Apparel,Credit Card,United States,27,430.0,528,16.7
CUST_2403,2025-06-10 09:49:00,2024-01-13 15:54:00,39,22215.73,147,6,Apparel,Credit Card,United States,21,569.63,535,13.5
CUST_2404,2025-06-30 11:07:00,2024-01-30 13:39:00,48,26291.03,130,6,Apparel,Credit Card,Germany,1,547.73,518,11.0
CUST_2405,2025-06-15 19:40:00,2024-01-11 11:59:00,44,23868.91,113,5,Apparel,Credit Card,Germany,16,542.48,537,12.1
CUST_2406,2025-05-29 19:31:00,2024-01-22 21:24:00,35,23618.08,125,6,Apparel,Credit Card,United Kingdom,33,674.8,526,14.5
CUST_2407,2024-06-28 10:10:00,2024-01-01 11:41:00,25,7594.91,61,6,Apparel,Credit Card,Canada,368,303.8,547,7.5
CUST_2408,2025-06-03 15:02:00,2024-01-03 21:22:00,39,16885.26,102,6,Apparel,Credit Card,Canada,28,432.96,545,13.6
CUST_2409,2025-06-29 18:54:00,2024-02-29 09:21:00,33,20712.37,86,6,Electronics,Credit Card,United Kingdom,2,627.65,488,15.2
CUST_2410,2025-06-09 22:58:00,2024-01-05 16:25:00,51,23773.63,126,6,Apparel,Credit Card,India,21,466.15,543,10.4
CUST_2411,2025-06-22 21:56:00,2024-01-04 20:44:00,34,21607.3,94,5,Apparel,Credit Card,United States,9,635.51,544,16.2
CUST_2412,2025-06-05 16:24:00,2024-02-23 14:22:00,26,32946.47,108,6,Electronics,Credit Card,United States,26,1267.17,494,18.7
CUST_2413,2025-06-29 19:08:00,2024-01-03 19:55:00,35,20033.48,98,6,Apparel,Credit Card,United States,2,572.39,545,16.0
CUST_2414,2024-06-29 15:50:00,2024-01-13 17:55:00,34,24029.92,90,6,Apparel,Credit Card,United States,367,706.76,535,5.1
CUST_2415,2025-06-21 09:09:00,2024-01-11 19:53:00,31,12967.02,86,6,Apparel,Credit Card,United Kingdom,10,418.29,537,17.6
CUST_2416,2025-06-18 17:07:00,2024-01-19 14:48:00,35,13227.84,106,6,Apparel,Credit Card,India,13,377.94,529,15.2
CUST_2417,2025-06-25 16:22:00,2024-01-05 17:52:00,36,25215.93,89,6,Apparel,Credit Card,United States,6,700.44,543,15.3
CUST_2418,2025-06-16 19:05:00,2024-01-21 12:48:00,31,10878.79,67,6,Apparel,Credit Card,United States,15,350.93,527,17.1
CUST_2419,2025-05-30 16:09:00,2024-01-04 11:29:00,35,16550.06,100,6,Apparel,Credit Card,United Kingdom,32,472.86,544,15.1
CUST_2420,2025-06-27 08:01:00,2024-02-06 11:23:00,37,26279.63,95,6,Apparel,Credit Card,India,4,710.26,511,14.1
CUST_2421,2025-06-29 11:23:00,2024-01-25 22:40:00,38,18658.13,104,6,Beauty & Personal Care,Credit Card,United States,2,491.0,523,14.1
CUST_2422,2025-06-24 10:24:00,2024-02-16 22:27:00,42,16137.04,116,6,Apparel,Credit Card,United Kingdom,7,384.22,501,12.0
CUST_2423,2025-06-29 13:36:00,2024-01-28 17:44:00,31,20518.64,83,6,Home & Kitchen,Credit Card,United States,2,661.89,520,17.3
CUST_2424,2025-05-27 14:36:00,2024-01-08 17:35:00,34,21605.24,87,6,Home & Kitchen,Credit Card,United States,35,635.45,540,15.3
CUST_2425,2025-06-18 15:39:00,2024-02-09 10:11:00,40,31911.58,92,6,Electronics,Credit Card,Australia,13,797.79,508,12.7
CUST_2426,2024-06-18 09:47:00,2024-01-11 16:45:00,35,21967.8,102,6,Beauty & Personal Care,Credit Card,Australia,378,627.65,537,4.7
CUST_2427,2025-06-30 22:44:00,2024-02-16 14:59:00,37,19153.11,96,5,Apparel,PayPal,United States,1,517.65,501,13.9
CUST_2428,2024-06-25 21:27:00,2024-01-03 10:34:00,34,18220.26,78,6,Electronics,Credit Card,Australia,371,535.89,545,5.3
CUST_2429,2025-06-28 14:37:00,2024-01-11 21:00:00,29,17905.1,70,6,Apparel,Credit Card,Germany,3,617.42,537,19.1
CUST_2430,2025-06-30 13:26:00,2024-01-09 20:28:00,34,13934.71,98,6,Apparel,Credit Card,India,1,409.84,539,16.3
CUST_2431,2025-06-14 15:20:00,2024-01-13 12:42:00,41,26822.53,105,6,Apparel,Credit Card,United Kingdom,17,654.21,535,13.0
CUST_2432,2025-05-02 20:29:00,2024-02-11 22:38:00,28,18314.57,74,6,Electronics,Credit Card,United Kingdom,60,654.09,506,16.5
CUST_2433,2025-05-10 12:21:00,2024-01-07 12:58:00,31,25424.03,109,6,Apparel,Credit Card,United Kingdom,52,820.13,541,16.3
CUST_2434,2025-06-29 21:28:00,2024-01-05 21:39:00,23,10430.09,66,5,Apparel,Credit Card,Germany,2,453.48,543,24.6
CUST_2435,2025-06-25 15:28:00,2024-01-04 20:49:00,33,24954.11,86,5,Home & Kitchen,Credit Card,United States,6,756.19,544,16.8
CUST_2436,2025-06-20 17:18:00,2024-01-05 11:26:00,26,15493.15,70,6,Apparel,Credit Card,United States,11,595.89,543,21.3
CUST_2437,2025-04-30 11:52:00,2024-02-12 19:46:00,30,20870.2,63,6,Electronics,PayPal,United States,62,695.67,505,15.3
CUST_2438,2025-06-26 21:41:00,2024-03-03 09:18:00,28,11073.02,76,6,Home & Kitchen,Credit Card,Germany,5,395.46,485,17.8
CUST_2439,2024-06-23 14:25:00,2024-01-08 09:29:00,37,22778.84,103,6,Home & Kitchen,Credit Card,United States,373,615.64,540,4.6
CUST_2440,2025-05-26 13:16:00,2024-01-04 09:52:00,39,31794.87,147,6,Apparel,Credit Card,Germany,36,815.25,544,13.4
CUST_2441,2025-06-30 13:49:00,2024-01-12 18:03:00,29,11442.94,75,6,Apparel,Credit Card,Australia,1,394.58,536,19.1
CUST_2442,2025-06-26 08:35:00,2024-01-08 09:46:00,33,17331.71,97,6,Apparel,PayPal,United States,5,525.2,540,16.7
CUST_2443,2025-06-16 19:16:00,2024-01-08 18:21:00,32,19958.33,81,6,Electronics,Credit Card,Germany,15,623.7,540,16.9
CUST_2444,2025-05-26 08:43:00,2024-01-17 11:41:00,28,15889.75,68,6,Electronics,Credit Card,United Kingdom,36,567.49,531,18.3
CUST_2445,2025-05-30 19:10:00,2024-01-21 15:38:00,32,13049.99,93,6,Apparel,PayPal,India,32,407.81,527,16.0
CUST_2446,2025-06-06 13:26:00,2024-01-14 18:26:00,39,35629.98,90,6,Electronics,Credit Card,United States,25,913.59,534,13.4
CUST_2447,2025-06-04 21:59:00,2024-02-06 10:24:00,28,14296.25,70,6,Apparel,Credit Card,Germany,27,510.58,511,17.9
CUST_2448,2025-06-12 17:10:00,2024-01-09 21:03:00,28,25087.1,74,6,Home & Kitchen,PayPal,Canada,19,895.97,539,19.3
CUST_2449,2025-06-07 08:56:00,2024-01-08 13:55:00,26,22755.8,62,5,Electronics,Credit Card,India,24,875.22,540,20.6
CUST_2450,2024-06-23 12:59:00,2024-01-02 12:38:00,33,30070.94,83,6,Electronics,PayPal,Germany,373,911.24,546,5.4
CUST_2451,2025-06-21 18:54:00,2024-01-15 14:33:00,29,15365.81,75,6,Apparel,Credit Card,United Kingdom,10,529.86,533,18.7
CUST_2452,2025-06-30 08:10:00,2024-01-01 11:14:00,45,26608.42,110,6,Apparel,Credit Card,Germany,1,591.3,547,12.4
CUST_2453,2025-06-15 11:02:00,2024-01-07 08:45:00,38,31038.41,101,6,Electronics,PayPal,India,16,816.8,541,14.2
CUST_2454,2025-06-25 14:19:00,2024-01-02 22:22:00,29,14027.62,81,6,Apparel,Credit Card,United Kingdom,6,483.71,546,19.3
CUST_2455,2024-06-28 22:26:00,2024-01-01 10:19:00,35,14732.94,91,6,Sports & Outdoors,Credit Card,United States,368,420.94,547,5.3
CUST_2456,2025-06-25 10:59:00,2024-02-01 20:42:00,27,14719.49,67,6,Electronics,Credit Card,India,6,545.17,516,19.6
CUST_2457,2025-06-11 13:20:00,2024-01-15 09:47:00,48,31018.23,126,6,Apparel,Credit Card,Germany,20,646.21,533,10.9
CUST_2458,2024-06-29 11:40:00,2024-01-06 10:32:00,36,14527.86,101,6,Apparel,Credit Card,Germany,367,403.55,542,5.0
CUST_2459,2025-06-28 19:13:00,2024-01-02 13:47:00,31,18968.6,73,6,Electronics,Credit Card,United States,3,611.89,546,18.1
CUST_2460,2025-06-22 11:00:00,2024-01-26 19:32:00,28,13712.5,77,6,Home & Kitchen,Credit Card,Germany,9,489.73,522,19.0
CUST_2461,2025-06-17 20:51:00,2024-01-02 18:58:00,35,14837.08,90,6,Home & Kitchen,Credit Card,United States,14,423.92,546,15.6
CUST_2462,2025-06-08 13:23:00,2024-01-01 13:33:00,35,13032.37,100,6,Apparel,Credit Card,Germany,23,372.35,547,15.4
CUST_2463,2025-06-18 10:28:00,2024-01-11 08:12:00,42,24316.57,103,6,Apparel,Credit Card,United States,13,578.97,537,12.8
CUST_2464,2024-06-27 14:35:00,2024-01-11 12:01:00,29,16813.28,79,6,Electronics,Credit Card,Germany,369,579.77,537,6.0
CUST_2465,2024-06-22 12:54:00,2024-01-11 14:49:00,32,13241.83,81,6,Beauty & Personal Care,Credit Card,Australia,374,413.81,537,5.3
CUST_2466,2025-06-25 21:22:00,2024-01-14 21:58:00,27,12754.78,69,6,Apparel,Credit Card,United States,6,472.4,534,20.3
CUST_2467,2025-06-07 20:36:00,2024-01-27 14:07:00,20,10422.56,49,6,Apparel,Credit Card,Australia,24,521.13,521,26.2
CUST_2468,2025-06-19 20:36:00,2024-01-03 11:23:00,34,17389.26,83,6,Home & Kitchen,Credit Card,United Kingdom,12,511.45,545,16.2
CUST_2469,2024-06-17 12:02:00,2024-01-05 14:28:00,38,14661.14,104,6,Apparel,Credit Card,India,379,385.82,543,4.4
CUST_2470,2025-06-11 09:51:00,2024-01-03 10:19:00,33,15657.52,86,6,Home & Kitchen,Credit Card,Canada,20,474.47,545,16.4
CUST_2471,2025-06-27 08:01:00,2024-02-19 19:54:00,25,9351.71,57,6,Home & Kitchen,Credit Card,United Kingdom,4,374.07,498,20.6
CUST_2472,2025-06-10 20:39:00,2024-01-11 09:31:00,41,22318.66,123,6,Apparel,Credit Card,Germany,21,544.36,537,12.9
CUST_2473,2025-06-04 11:25:00,2024-01-07 12:11:00,25,13468.47,71,6,Beauty & Personal Care,Credit Card,India,27,538.74,541,21.4
CUST_2474,2025-06-07 10:39:00,2024-01-03 12:06:00,37,20871.98,86,6,Home & Kitchen,Credit Card,United Kingdom,24,564.11,545,14.5
CUST_2475,2025-04-23 08:48:00,2024-03-05 08:12:00,35,23554.65,84,6,Electronics,Credit Card,United States,69,672.99,483,12.2
CUST_2476,2025-06-21 12:19:00,2024-01-18 17:43:00,30,27632.73,106,6,Home & Kitchen,Credit Card,Germany,10,921.09,530,17.9
CUST_2477,2025-06-26 20:46:00,2024-01-06 16:46:00,46,25060.52,121,6,Apparel,Credit Card,Canada,5,544.79,542,11.9
CUST_2478,2025-05-31 15:05:00,2024-01-05 19:21:00,30,23091.42,113,6,Apparel,Credit Card,Canada,31,769.71,543,17.7
CUST_2479,2025-06-22 11:37:00,2024-01-10 17:31:00,35,20293.62,79,6,Electronics,Credit Card,Canada,9,579.82,538,15.6
CUST_2480,2024-06-10 22:55:00,2024-01-09 15:30:00,41,20384.31,95,6,Apparel,Credit Card,United Kingdom,386,497.18,539,3.8
CUST_2481,2025-06-28 13:53:00,2024-01-08 17:04:00,42,27303.76,116,6,Apparel,Credit Card,Canada,3,650.09,540,13.1
CUST_2482,2025-06-13 16:51:00,2024-03-17 21:01:00,39,25976.5,98,6,Electronics,Credit Card,United States,18,666.06,471,11.9
CUST_2483,2025-06-30 19:55:00,2024-01-11 16:11:00,32,25383.36,77,6,Apparel,Credit Card,United Kingdom,1,793.23,537,17.3
CUST_2484,2025-06-11 15:08:00,2024-01-18 22:39:00,26,11695.56,73,6,Apparel,Credit Card,United States,20,449.83,530,20.4
CUST_2485,2025-06-24 20:09:00,2024-01-17 17:30:00,32,16658.74,85,6,Electronics,Credit Card,United States,7,520.59,531,16.9
CUST_2486,2024-06-26 13:33:00,2024-01-01 18:07:00,39,20335.47,103,6,Apparel,Credit Card,United States,370,521.42,547,4.7
CUST_2487,2025-06-27 18:53:00,2024-01-31 11:34:00,25,25016.85,77,5,Electronics,Credit Card,United States,4,1000.67,517,21.4
CUST_2488,2025-06-10 21:38:00,2024-01-02 11:48:00,32,16859.81,85,6,Apparel,Credit Card,Germany,21,526.87,546,16.9
CUST_2489,2025-06-26 20:55:00,2024-01-16 20:28:00,33,18507.22,82,6,Beauty & Personal Care,Credit Card,United States,5,560.82,532,16.5
CUST_2490,2024-06-17 16:19:00,2024-01-02 14:35:00,34,15715.93,86,6,Apparel,Credit Card,United Kingdom,379,462.23,546,5.1
CUST_2491,2025-06-11 12:19:00,2024-02-11 11:40:00,25,11572.42,69,6,Sports & Outdoors,Credit Card,United States,20,462.9,506,20.2
CUST_2492,2025-06-23 14:24:00,2024-01-03 19:10:00,44,19480.31,106,6,Apparel,Credit Card,United States,8,442.73,545,12.5
CUST_2493,2025-06-05 12:04:00,2024-01-18 22:10:00,36,23154.5,93,5,Home & Kitchen,Credit Card,United States,26,643.18,530,14.4
CUST_2494,2025-06-08 10:25:00,2024-01-22 11:47:00,25,10943.55,74,6,Apparel,Credit Card,United States,23,437.74,526,21.0
CUST_2495,2025-05-31 14:08:00,2024-01-15 14:32:00,30,20271.98,82,5,Home & Kitchen,Credit Card,Germany,31,675.73,533,17.3
CUST_2496,2024-06-29 15:07:00,2024-01-14 10:40:00,31,16990.31,100,6,Beauty & Personal Care,Credit Card,Germany,367,548.07,534,5.6
CUST_2497,2025-06-11 20:05:00,2024-01-01 11:33:00,40,18534.34,121,6,Apparel,Credit Card,Germany,20,463.36,547,13.5
CUST_2498,2025-06-14 16:08:00,2024-01-07 17:26:00,45,29371.5,119,6,Home & Kitchen,Credit Card,United Kingdom,17,652.7,541,11.9
CUST_2499,2025-06-11 09:58:00,2024-01-19 08:51:00,30,20911.95,78,6,Electronics,Credit Card,United States,20,697.06,529,17.6
CUST_2500,2024-06-24 09:50:00,2024-01-09 14:44:00,42,31551.28,122,6,Apparel,Credit Card,India,372,751.22,539,4.1
